category,channel_title,channel_id,channel_url,top_views,sample_title,status
기타,소개팁 IntroTip,UC3CELODQnl5pGSWyS3OmMOA,https://www.youtube.com/channel/UC3CELODQnl5pGSWyS3OmMOA,1104578,비싸게 살 필요 없는 이유,이미있음
기타,Home Deco Lab,UC4kLXUHTHoBgOwCs8S7dJjQ,https://www.youtube.com/channel/UC4kLXUHTHoBgOwCs8S7dJjQ,1078899,"베란다나 마당 바꾸고 싶다면, 이 데크타일 하나로 분위기가 확 달라집니다",이미있음
기타,오늘의 라이프,UCiIkbHb3fuS3raYybl775jA,https://www.youtube.com/channel/UCiIkbHb3fuS3raYybl775jA,936468,이정현이 알려준 세탁실 정리템 #이정현,이미있음
기타,행복한 시니어통,UCvFhSjuB8xztOd09KIQXXkw,https://www.youtube.com/channel/UCvFhSjuB8xztOd09KIQXXkw,535381,30도 넘으면 냉장고 &#39;이것&#39; 안 버리면 결국 병원비로 다 나갑니다 #노후현실 #냉장고관리,이미있음
기타,홈스타일러스,UCJGzyTaZouEo5-DtsusMjwg,https://www.youtube.com/channel/UCJGzyTaZouEo5-DtsusMjwg,442748,후회없는 좁은집 현관 인테리어 필수템,이미있음
기타,유럽청년,UChMHcSJVUaSh_UG53inPPyg,https://www.youtube.com/channel/UChMHcSJVUaSh_UG53inPPyg,425153,벽에 이러는건 처음 봤어요✨ #집꾸미기,이미있음
기타,1분다이어터 1mindiet,UC6SPnHQjJHav4ulmZLiaZ8A,https://www.youtube.com/channel/UC6SPnHQjJHav4ulmZLiaZ8A,385792,-15kg 감량한 다이어터 일주일 밀프렙 만들기 🍙 #asmr #mealprep,이미있음
기타,하씨,UCAimNx17PoVgIyl8WTJ4Kew,https://www.youtube.com/channel/UCAimNx17PoVgIyl8WTJ4Kew,338022,자취생의 초간단 냉털 마라샹궈 만들기,이미있음
기타,홈그래피,UCTnZvrXO2BZJKGKV8eZKyVw,https://www.youtube.com/channel/UCTnZvrXO2BZJKGKV8eZKyVw,325720,간단하게 집 분위기 확 바꿔버리기 #벽지스티커 #셀프인테리어,이미있음
기타,먹구멍 muk_9mung,UC1lpMB1gE4xNq785VyHwbQA,https://www.youtube.com/channel/UC1lpMB1gE4xNq785VyHwbQA,170071,식당에서 몰래 쓰는 면요리 비법 TOP3,이미있음
기타,지멋,UC62lgjnT7UHoyYsHrpcrc2Q,https://www.youtube.com/channel/UC62lgjnT7UHoyYsHrpcrc2Q,160614,세상이 나를 속이고 있나,이미있음
기타,셀럽이냥,UCzeCNYb2wtwlZmmO8CEs6pg,https://www.youtube.com/channel/UCzeCNYb2wtwlZmmO8CEs6pg,157187,살빠지는데 진짜 맛있는 닭가슴살 레시피❣️(fea. #한고은),이미있음
기타,밀착템,UCotQUXki2T0akzg1C4tTbRg,https://www.youtube.com/channel/UCotQUXki2T0akzg1C4tTbRg,138604,커튼 필요 없어요! ✨ 창틀에 딱 붙이는 초간편 블라인드 #셀프인테리어 #블라인드 #창문꾸미기 #집꾸미기 #,이미있음
기타,지혜人TV,UCT8fH9yl9rImtFYGi-TY3zw,https://www.youtube.com/channel/UCT8fH9yl9rImtFYGi-TY3zw,127351,냉장고 안전하지 않아요! 이것 있다면 당장 버리세요 (냉장고 속 위험한 음식 10가지),이미있음
기타,슈스스TV,UC5W3wHMAkp6b_8HrhReP5aQ,https://www.youtube.com/channel/UC5W3wHMAkp6b_8HrhReP5aQ,114342,너무 예쁘다... 이 집 저 주세요.,이미있음
기타,지디노 살림,UC4Sz7v5viqjDVZ-u4aw03gw,https://www.youtube.com/channel/UC4Sz7v5viqjDVZ-u4aw03gw,113465,냉장고청소 1년째 안하는 이유🤔 #냉장고청소#냉장고관리법 #살림꿀팁 #초보주부,이미있음
기타,집꾸덕,UCTlLQCxa5AeR8wtNqKVaf1w,https://www.youtube.com/channel/UCTlLQCxa5AeR8wtNqKVaf1w,111226,29살에 집이 생겼다 #집꾸미기 #커플 #shots #shortvideo,이미있음
기타,자취요리신 simple cooking,UCC9pQY_uaBSa0WOpMNJHbEQ,https://www.youtube.com/channel/UCC9pQY_uaBSa0WOpMNJHbEQ,109261,이걸로 밥 2공기 무조건 먹습니다.,이미있음
기타,똑디템,UCOnSoSFUyeakdOOzAP0nnyw,https://www.youtube.com/channel/UCOnSoSFUyeakdOOzAP0nnyw,106593,이거 몰라서 100만원 날릴뻔 했어요😨 #셀프인테리어 #집꾸미기,이미있음
기타,이지라이프,UC5gGyUilbL-UEajnzm1meHw,https://www.youtube.com/channel/UC5gGyUilbL-UEajnzm1meHw,103873,정리중독자의 공간별 정리방법,등록예정
비법형,수복수복건강상식,UCH_Pudwwm9zGcKqty7uawqw,https://www.youtube.com/channel/UCH_Pudwwm9zGcKqty7uawqw,3884387,"선풍기에 비닐봉지를 씌우면, 놀라운 일이 벌어집니다! #선풍기청소 #살림꿀팁 #생활꿀팁",이미있음
비법형,바바라핵팁,UCbVa4V0hcnscgUFIklIwNEw,https://www.youtube.com/channel/UCbVa4V0hcnscgUFIklIwNEw,1333716,유통기한 지났다고 무조건 버리지 마세요! #생활꿀팁 #살림정보,이미있음
비법형,대왕민국,UCRgt9qiNGTokVKflV5oKtxw,https://www.youtube.com/channel/UCRgt9qiNGTokVKflV5oKtxw,1317176,옥수수 삶을때 소금말고 제발 이것 넣으세요!,이미있음
비법형,고수의살림,UCbnKLFEgzZhZh50XdsBiiBg,https://www.youtube.com/channel/UCbnKLFEgzZhZh50XdsBiiBg,856424,요리 초보들 사이에서 난리난 곰팡이 치즈 세척 방법,이미있음
비법형,언니쿡,UC3CgL5n3I84F_Olr8m4w6YA,https://www.youtube.com/channel/UC3CgL5n3I84F_Olr8m4w6YA,755936,박정수의 저렴한 소고기부위 맛있게 먹는 꿀팁,이미있음
비법형,셀럽창고,UC054SaZF48FkvF2Dr7NcjjA,https://www.youtube.com/channel/UC054SaZF48FkvF2Dr7NcjjA,712789,차예련은 이렇게 계란후라이 부친다는데,이미있음
비법형,버섯도리,UCYhUJGAH6HhOUJokzRupkpQ,https://www.youtube.com/channel/UCYhUJGAH6HhOUJokzRupkpQ,643620,방청소 빨리 하는 신박한 방법 🤣ㅋㅋㅋ,이미있음
비법형,진짜꿀팁 Realtips,UC-xbN0DAcrbMItADARCgvEg,https://www.youtube.com/channel/UC-xbN0DAcrbMItADARCgvEg,633856,알아두면 쓸모있는 생활 꿀팁 10가지 #살림팁 #꿀팁 #생활꿀팁,이미있음
비법형,라이프쇼크,UCAmo8dfpMtGsmqCkT9tpG4Q,https://www.youtube.com/channel/UCAmo8dfpMtGsmqCkT9tpG4Q,596925,금고업자만 알고있는 종이 한장의 정체! #공구 #수리팁 #생활꿀팁,이미있음
비법형,민수꿀팁,UCKjd3RSRCZoO6fe0DQDDEqw,https://www.youtube.com/channel/UCKjd3RSRCZoO6fe0DQDDEqw,589199,#fyp #생활꿀팁 #꿀팁 #생활정보,이미있음
비법형,스마트생활,UCHwINeOJoLzKXQPlI9mksNg,https://www.youtube.com/channel/UCHwINeOJoLzKXQPlI9mksNg,579573,세탁기에 물티슈를 넣으면 생기는 역대급 변화!,이미있음
비법형,인생 조언,UCdvy8zJAV-z2w55b1yYGQYA,https://www.youtube.com/channel/UCdvy8zJAV-z2w55b1yYGQYA,559294,음식과 젓갈 궁합 맞춰라 종가집 손맛 부럽지 않다  #젓갈활용법 #액젓용도 #요리꿀팁 #살림비법 #김치양념 ,이미있음
비법형,차부심,UChfbUKyVaBSBAe_GyoWpB_g,https://www.youtube.com/channel/UChfbUKyVaBSBAe_GyoWpB_g,446150,현관청소할때 절대 락스 쓰지마세요 #현관청소 #살림 #청소꿀팁,이미있음
비법형,생생정보티비,UC9aw6BYhWX3iWuC0-5bCNnQ,https://www.youtube.com/channel/UC9aw6BYhWX3iWuC0-5bCNnQ,437069,아랫집 피해 없이 방충망 청소 가장 쉬운 방법,이미있음
비법형,매일황금꿀팁,UCBMq94ou_QTpLr2nUkPNyOQ,https://www.youtube.com/channel/UCBMq94ou_QTpLr2nUkPNyOQ,402399,다 같은 소금 아닌가요? 요리별 찰떡궁합 소금 공식,이미있음
비법형,집밥 korean home cooking,UCrpB5PigomcupI9PTRKioog,https://www.youtube.com/channel/UCrpB5PigomcupI9PTRKioog,394616,호박전에 밀가루 넣지 말고 그냥 이거 붙이세요!,이미있음
비법형,생활 꿀팁,UC1Wb9PYrj-Bq4Sl-kZB21Dg,https://www.youtube.com/channel/UC1Wb9PYrj-Bq4Sl-kZB21Dg,378201,#fyp #생활꿀팁 #꿀팁,이미있음
비법형,sujinsaenghwaltip,UCey1fmkpitLcmBkhbIqzFHQ,https://www.youtube.com/channel/UCey1fmkpitLcmBkhbIqzFHQ,325664,#생활정보 #생활꿀팁 #꿀팁 #fyp,이미있음
비법형,원룸만들기,UCLqX6D0cDWGqMWToI4MZGDQ,https://www.youtube.com/channel/UCLqX6D0cDWGqMWToI4MZGDQ,315923,5평 미만은 모르면 손해. 이거 알면 자취 고수 인정,이미있음
비법형,ChoiRakuLife,UCFrLTjPprBx5gKZyxOP7LPg,https://www.youtube.com/channel/UCFrLTjPprBx5gKZyxOP7LPg,303667,감자 싹 1도 안 나게 평생 보관하는 황금 비결!,이미있음
제품형,이상한 과자가게  weird sweets shop,UCNYE6N9YZmsUyReBLzE9x9Q,https://www.youtube.com/channel/UCNYE6N9YZmsUyReBLzE9x9Q,2167517,10kg 수박을 샀는데 껍질만 4kg 억울하다면?,이미있음
제품형,Homterior Pick,UCICENAWQCaiMEkabXLr5Uhw,https://www.youtube.com/channel/UCICENAWQCaiMEkabXLr5Uhw,1553853,다이소가면 무조건 사오세요.,이미있음
제품형,베이비짤스,UCYl08GG5Fd-w1iE5mBZdKDA,https://www.youtube.com/channel/UCYl08GG5Fd-w1iE5mBZdKDA,1456804,1년 동안 나만 몰랐던 와플 기계 사용법,이미있음
제품형,요즘푸드,UCADDwkVYaVcf5yxBM0Avr_A,https://www.youtube.com/channel/UCADDwkVYaVcf5yxBM0Avr_A,1369739,이거 하나만 넣으면 완성 박정수 멕주수육,이미있음
제품형,하뉴,UCs4oAFxhxxVhtW-_ApKtkLQ,https://www.youtube.com/channel/UCs4oAFxhxxVhtW-_ApKtkLQ,1209827,업계인이 추천하는 쿠팡 추천템 TOP3,이미있음
제품형,픽하이,UC3oD1OnVPYOQ978FbkYbk5g,https://www.youtube.com/channel/UC3oD1OnVPYOQ978FbkYbk5g,1114541,쿠팡처돌이 추천 존맛간식,이미있음
제품형,집좋아,UCeJFWA2IezjWpD6RY2KQ0XA,https://www.youtube.com/channel/UCeJFWA2IezjWpD6RY2KQ0XA,1014033,놀라운 발상 하나로 대박난 제품의 정체,이미있음
제품형,리뷰하는 회사원,UCGtY9qyrQqqPlkNqAwccjNQ,https://www.youtube.com/channel/UCGtY9qyrQqqPlkNqAwccjNQ,973894,아무튼 짜장면임,이미있음
제품형,살림남 The Life,UCkEWsTetbUuGDg_O1S5UVBg,https://www.youtube.com/channel/UCkEWsTetbUuGDg_O1S5UVBg,946846,쿠팡보다 10배 싼 다이소 신상 3가지,이미있음
제품형,껌씹는햄스터,UC92uzVvoOc4lqW0md2velOg,https://www.youtube.com/channel/UC92uzVvoOc4lqW0md2velOg,897977,일본에서 대박났다는 배수구필터 효과,이미있음
제품형,반달샘 Dalsaem,UC9n0SM6k4zC3C7A1AdXCCbw,https://www.youtube.com/channel/UC9n0SM6k4zC3C7A1AdXCCbw,836214,다이소 3천원으로 만드는⁉️크런치 슬랑이 4가지 방법✨,이미있음
제품형,살림토끼,UCwFNiYnTtrYuwO7YRWomatw,https://www.youtube.com/channel/UCwFNiYnTtrYuwO7YRWomatw,817460,보이면 무조건 사세요! 다이소 품절템 BEST3,이미있음
제품형,만원요리 최씨남매,UCrn5CaT8RoeFGpWJdmO4OwA,https://www.youtube.com/channel/UCrn5CaT8RoeFGpWJdmO4OwA,786888,이 영상 아니면 보기 힘든 흑염소탕이요?,이미있음
제품형,오늘도이제이쿡,UCAY8JxD-YYco20giwL8GRRA,https://www.youtube.com/channel/UCAY8JxD-YYco20giwL8GRRA,512914,#광고 이사 온 동생 집 선물주기 #미닉스음처기사용꿀팁 #미닉스 #음식물처리기,이미있음
제품형,츄릅,UCBlrDQmlXSUbt2dmwvuC54A,https://www.youtube.com/channel/UCBlrDQmlXSUbt2dmwvuC54A,494323,그릇이야? 팬이야? 3년째 쓰는 우리집 보물 ! 🪎 #윙플라 #츄릅이네,이미있음
제품형,전용하,UCuy4uz6aqzGZ-Zt8zwwCTkA,https://www.youtube.com/channel/UCuy4uz6aqzGZ-Zt8zwwCTkA,488336,집 나갔던 종호가 돌아왔다,이미있음
제품형,키포kipo,UCLklzZzYXqhx0U7o5Xo6Xsw,https://www.youtube.com/channel/UCLklzZzYXqhx0U7o5Xo6Xsw,480030,KC인증 다이소 말랑이 슬랑이 3종으로 변신하기!!💥 #슬랑이#다이소#크런치슬랑이#말랑이,이미있음
제품형,득템,UCXP9gf8tDnLG5r-d0Licl-g,https://www.youtube.com/channel/UCXP9gf8tDnLG5r-d0Licl-g,471937,돈쭐나고 있는 한성기업 식품 TOP5 (가성비 ㄷㄷ),이미있음
제품형,융감하게 bravelyyoon,UCmRS_soz03y_qE0oYAuIdbw,https://www.youtube.com/channel/UCmRS_soz03y_qE0oYAuIdbw,420487,새벽 2시에 갑자기 삘 받아서 만드는 야식,이미있음
제품형,애주가TV참PD,UC5oft5dVf43M2cFmhpJLVGQ,https://www.youtube.com/channel/UC5oft5dVf43M2cFmhpJLVGQ,405540,이게 왜 1등인데?,이미있음
제품형,지민꿍,UCBnLhs0Ao-9fK_jfja1GGhw,https://www.youtube.com/channel/UCBnLhs0Ao-9fK_jfja1GGhw,394763,쿠팡 골프템 추천,이미있음
혼합형,남진 Douyin Makeup,UClcSZi2W0ju8Aeo1XDxqB_A,https://www.youtube.com/channel/UClcSZi2W0ju8Aeo1XDxqB_A,5094277,내 피부에 더 잘 어울리는 블러셔는 뭐야 #메이크업 #블러셔 #koreanbeauty #makeup #blu,이미있음
혼합형,앙~유진,UC7LkMrW11En0_9qm6_Usiig,https://www.youtube.com/channel/UC7LkMrW11En0_9qm6_Usiig,3841076,유진이가 리즈 메이크업 신경쓰는 이유,이미있음
혼합형,청담언니,UCWUs7iRHBk3p0YQ85Ae7OXg,https://www.youtube.com/channel/UCWUs7iRHBk3p0YQ85Ae7OXg,3422895,77번 긁어만든 수박아이스 🤩 #청담언니 #요리하는메이크업아티스트,이미있음
혼합형,츄츄뷰뷰,UCO2nFKu54TCqr14wNpsUjIg,https://www.youtube.com/channel/UCO2nFKu54TCqr14wNpsUjIg,2300213,보라색립이 사기라며 칼로 썰어버리는 외국인 ㄷㄷ,이미있음
혼합형,하우머치코리아 (HOWMUCH KOREA),UCdw0gUzVPhyZFRVeuzy_AEg,https://www.youtube.com/channel/UCdw0gUzVPhyZFRVeuzy_AEg,2216250,40대 다이소 아줌마의 미시력 #shorts,이미있음
혼합형,셀럽픽,UCnd-EpK8FEnpitkj1Qt195A,https://www.youtube.com/channel/UCnd-EpK8FEnpitkj1Qt195A,2196130,얼굴 여백 싹 지우는 교정메이크업,이미있음
혼합형, may阿may,UCMqUqdw7M5IV1zBKMuiF1aw,https://www.youtube.com/channel/UCMqUqdw7M5IV1zBKMuiF1aw,2004242,빨리 떼어냈으니 다행이야! #메이크업 #화장품제거 #해결 #몰입형 #시무원 산차꽃 에센스 로션 #아름다움,이미있음
혼합형,즐거운타임,UCJjGoNg5cri_5jNbHq8Bwvg,https://www.youtube.com/channel/UCJjGoNg5cri_5jNbHq8Bwvg,1840590,이효리가 인정하는 최고의 메이크업 아티스트 - 사람 예쁘게 하는 메이크업 아티스트는 정샘물을 따라올 자가 없,이미있음
혼합형,MiSO 미소,UCeXMLe4vlpsDJuE75uyYMXA,https://www.youtube.com/channel/UCeXMLe4vlpsDJuE75uyYMXA,1462171,얼레벌레 인간 국보 되는 법..😌 ( 고려청자 메컵튜토 ),이미있음
혼합형,덕칼럼,UC0l_Io9P2rTbM82PoC9Bi4w,https://www.youtube.com/channel/UC0l_Io9P2rTbM82PoC9Bi4w,1443618,안유진이 리즈처럼 진한 메이크업 &#39;안 하는&#39; 이유,이미있음
혼합형,또비니 DDOBINI,UCk57wlh8AjGpWDdOOHIR1Bw,https://www.youtube.com/channel/UCk57wlh8AjGpWDdOOHIR1Bw,1214564,남친이랑 싸우고 화해하러 나가는데 마냥 초라할 순 없잖아 알죠,이미있음
혼합형,진자림 Jinjalim,UCu38CqTttqEQFwVccmFPlyQ,https://www.youtube.com/channel/UCu38CqTttqEQFwVccmFPlyQ,1143459,번따 당했는데 기분 묘했던 썰,이미있음
혼합형,시네 si-ne,UC0-yyrDjTJ1YFzmV12vEp0Q,https://www.youtube.com/channel/UC0-yyrDjTJ1YFzmV12vEp0Q,800904,피부 개 안 좋은 날에 하는 메이크업,이미있음
혼합형,24시 뷰티타임,UCtoWBl674cBBWldZ1rJl6Jw,https://www.youtube.com/channel/UCtoWBl674cBBWldZ1rJl6Jw,749955,한혜진과 강소라가 메이크업 전에 꼭 쓴다는 패드,이미있음
혼합형,찰스엔터,UCCZ-gBdN59pF39tbm16xvdQ,https://www.youtube.com/channel/UCCZ-gBdN59pF39tbm16xvdQ,738592,메이크업만 문제는 아니지만 문제입니다,이미있음
혼합형,JaeyeonJ,UCjOKjUdFUKIiyMZJL41lrag,https://www.youtube.com/channel/UCjOKjUdFUKIiyMZJL41lrag,732133,동그라미 립 메이크업 #beauty,이미있음
혼합형,스타템픽,UC7hNqbyhyN5FLro2pbbc_tw,https://www.youtube.com/channel/UC7hNqbyhyN5FLro2pbbc_tw,548233,우울할 때 메이크업 받기 #메이크업 #makeup #메이크업튜토리얼 #makeuptutorial #블러셔 #,이미있음
혼합형,오션 OCEAN,UCSx-2fuyotB8WA8KytyhACg,https://www.youtube.com/channel/UCSx-2fuyotB8WA8KytyhACg,530014,화장 다 했는데 뭔~가 아쉬울때 따라해보세용✨️,이미있음
혼합형,이삼십,UCFUcQCsH_rKm9G6PwU2kMEQ,https://www.youtube.com/channel/UCFUcQCsH_rKm9G6PwU2kMEQ,524585,메이크업 영상 따라하는 나,이미있음
혼합형,진뉴 JINNEW,UCK3L6x0ZGU-2cfTDMLnmUyw,https://www.youtube.com/channel/UCK3L6x0ZGU-2cfTDMLnmUyw,512280,45만원 이미지컨설팅 받으면 대체 뭘 봐줄까..? 두상부터 뼈까지 분석 당하고옴 #이미지컨설팅,이미있음
혼합형,누리뉘리,UC1UfsucjJym1UcOnpfPZsrg,https://www.youtube.com/channel/UC1UfsucjJym1UcOnpfPZsrg,503371,남자들은 뷰티 꿀팁 하지 마라,이미있음
혼합형,오!모 oh!mo art,UCPsISZLiGZnThqIJ3o_egmA,https://www.youtube.com/channel/UCPsISZLiGZnThqIJ3o_egmA,457456,거제 야호~🔥수박에 리센느 원이 메이크업🧡 @RESCENE_official @helloiamwoninicet,이미있음
혼합형,Minsco 민스코,UCTQGAYPtbnCEfW9IGx65kiw,https://www.youtube.com/channel/UCTQGAYPtbnCEfW9IGx65kiw,400373,뷰튜버 11년의 역사🔥,이미있음
혼합형,생활비타민,UCjDwKgiskvAX6TEgnVAzulQ,https://www.youtube.com/channel/UCjDwKgiskvAX6TEgnVAzulQ,400019,다이소에 이거 보이면 무조건 집어와야하는 뷰티꿀템,이미있음
혼합형,시은니야,UCxVaWNEWX2OKuQNeXfiwBPA,https://www.youtube.com/channel/UCxVaWNEWX2OKuQNeXfiwBPA,399594,화알못이 화장하면 생기는 일 ㄷㄷ,이미있음
홈템,따먹세끼,UCFz7H96RXU_Kvrj4q3BN7aQ,https://www.youtube.com/channel/UCFz7H96RXU_Kvrj4q3BN7aQ,2108174,살림쟁이들이 꼭 쟁여둔다는 다이소 추천템 TOP10 총정리,이미있음
홈템,꾸미템,UCz7Xamne5SbBrsv-6Qcno2Q,https://www.youtube.com/channel/UCz7Xamne5SbBrsv-6Qcno2Q,871659,한국인 95%가 모르는 귀 청소 방법 #귀청소 #귀지제거 #면봉 #인생템 #가성비템,이미있음
홈템,아이템홈,UC7RASIHu7B9QtjD81yWOYMQ,https://www.youtube.com/channel/UC7RASIHu7B9QtjD81yWOYMQ,665627,또 사고쳐버린 다이소 #생활꿀템 #자취템 #생활용품 #주방꿀템,이미있음
홈템,꿀템줍줍,UC0DO9iVMCdUOwRRnLcg94hw,https://www.youtube.com/channel/UC0DO9iVMCdUOwRRnLcg94hw,539544,🔥 다이소에서 보이면 무조건 사야되는!! 정리 꿀템 다이소 접시선반(0280번),이미있음
홈템,텅장주의,UCfcM9RkfntkTH0pCwd4vSPA,https://www.youtube.com/channel/UCfcM9RkfntkTH0pCwd4vSPA,461227,요즘 품절대란이라는 다이소 신상&amp;꿀템 BEST4,이미있음
홈템,살림인,UCc6H0jGtbqYkM083kX_4Vtg,https://www.youtube.com/channel/UCc6H0jGtbqYkM083kX_4Vtg,386906,1만원대 쿠팡 청소템 4가지,이미있음
홈템,살림로그_살림을 기록하다.,UCx8uFUihkZnQRU6lVJXs7Dg,https://www.youtube.com/channel/UCx8uFUihkZnQRU6lVJXs7Dg,375491,안사면 후회하는 다이소 주방 혁명템 3가지 #다이소꿀템 #다이소추천템 #살림꿀템,이미있음
홈템,쓸모집_쓸모 있는 살림 모음Zip,UCGw1DUgI4zrjujJPh5zt-Tw,https://www.youtube.com/channel/UCGw1DUgI4zrjujJPh5zt-Tw,370240,맞벌이부부도 매일 쓰는 쿠팡 주방템3 #살림 #살림브이로그,이미있음
홈템,우니언니,UCGUy4UQvgOrwG1qkG6oLDdw,https://www.youtube.com/channel/UCGUy4UQvgOrwG1qkG6oLDdw,354138,여행 가기 전에 꼭 보세요! ✈️ 여행 필수템 7가지,이미있음
홈템,생활용품 연구소,UCHf6VUdwbOnFotJR4oOX3Qw,https://www.youtube.com/channel/UCHf6VUdwbOnFotJR4oOX3Qw,351413,다이소 직원도 몰래 쟁여놓는 꿀템,이미있음
홈템,건강스토리,UCfC-n8MTdpoD1a193sxCYOQ,https://www.youtube.com/channel/UCfC-n8MTdpoD1a193sxCYOQ,312447,청소에 진심인 브라이언도 쓰는 다이소 청소 꿀템 3가  #브라이언 #다이소 #브라이언청소템 #다이소추천템,이미있음
홈템,지우원,UCR-rSr__YloP08_byJvVd9w,https://www.youtube.com/channel/UCR-rSr__YloP08_byJvVd9w,289327,한번 사면 생활비 절약 시켜주는 생활 꿀템 3가지,이미있음
홈템,코코꿀템,UC8iAEekkJH9mYWAmbkOuzRg,https://www.youtube.com/channel/UC8iAEekkJH9mYWAmbkOuzRg,237757,나만 몰랐던 생활 꿀템‼️,이미있음
홈템,오인스 saedek_oins,UC0h83_gWSs2o70laV94_xSQ,https://www.youtube.com/channel/UC0h83_gWSs2o70laV94_xSQ,196422,살아남은 찐 주방템들,이미있음
홈템,홈스토리,UCpANROseo-Ydh7zIhkKZedQ,https://www.youtube.com/channel/UCpANROseo-Ydh7zIhkKZedQ,191917,이케아가 탐내는 공간활용 꿀템 #책상 #협탁,등록예정
홈템,NiNii_Homes,UCnxtpMc_HKzn6l8YlCpPWJQ,https://www.youtube.com/channel/UCnxtpMc_HKzn6l8YlCpPWJQ,186028,여러분 다이소가면 이거 안사면 손해에요!! #다이소욕실청소세제 #다이소청소템 #다이소추천,이미있음
홈템,꾸러미,UCBwCh5s5f6P58O6F9SkZUjw,https://www.youtube.com/channel/UCBwCh5s5f6P58O6F9SkZUjw,136537,품절이 자주 되는게 무서워! 소스 데워서 만들기 좋은 내열유리 계량컵 #계량컵 #요리 #조리도구 #주방템 #,이미있음
홈템,살림구조대,UCylAPY4i5NpwkbfD4bBYeeA,https://www.youtube.com/channel/UCylAPY4i5NpwkbfD4bBYeeA,124415,코스트코 18년차 회원이 골라온 최저가 할인 살림템,이미있음
홈템,담고사고,UC-HqX68KjWwGbHoMT2UjL6g,https://www.youtube.com/channel/UC-HqX68KjWwGbHoMT2UjL6g,116378,다이소 가면 은근히 모르는 생활꿀템 BEST 5,이미있음
홈템,조조살림,UC-3nOEGkzLlIduuUgkc5xWQ,https://www.youtube.com/channel/UC-3nOEGkzLlIduuUgkc5xWQ,115403,자취방 청소 꿀팁,이미있음
홈템,프로페셔널,UCkfSg-wO6rgqeLhhHjzxFfA,https://www.youtube.com/channel/UCkfSg-wO6rgqeLhhHjzxFfA,109277,다이소에서 찾은 미친 생활꿀템 5가지🔥 이건 무조건 사세요.. (삶의 질 올라갑니다),이미있음
홈템,살림천재노다지,UCP9At0_YeazqIriEbAoSU3A,https://www.youtube.com/channel/UCP9At0_YeazqIriEbAoSU3A,106458,다이소 best 7가지 #다이소 #다이소추천템 #살림 #다이소추천 #꿀템 #꿀팁 #살림초보 #다이소깡 #정보,이미있음
홈템,오늘의집,UCBKtitA1RwY7F32rCniV1dA,https://www.youtube.com/channel/UCBKtitA1RwY7F32rCniV1dA,98068,주방 분위기를 바꿔주는 아이템 #shorts  #전국내집자랑,이미있음
홈템,리빙다움,UCBPINQ5SP4GuuRSW85wmRzQ,https://www.youtube.com/channel/UCBPINQ5SP4GuuRSW85wmRzQ,91755,다이소엔 없는 만원이하 쿠팡꿀템 4가지,이미있음
홈템,Thomas Pick,UC84vwmCzKkGaizXL5pc-1Dw,https://www.youtube.com/channel/UC84vwmCzKkGaizXL5pc-1Dw,83870,욕실 용품 절대 바닥에 두지 마세요 #욕실수납 #욕실정리 #욕실인테리어,이미있음
홈템,다다살림,UCf9z4UULHAxN6W6LPI0SpDg,https://www.youtube.com/channel/UCf9z4UULHAxN6W6LPI0SpDg,73883,젤 참기 힘들었던💦우리집 밤티 살림템 드디어 탈출🔥,이미있음

