channel_id,channel_name,subs,videos,over_100k,over_1m,max_views,latest_seen
UCMO2rfYE0LjBv_m4E5MhZ0w,꿀템탐구소,4300,17,1,1,4304825,2026-09-16T05:10:03.000270+00:00
UCvQ26myeojatRMcE0pM0QSQ,먹킷리스트,89600,12,1,1,2528966,2026-09-16T05:10:03.000270+00:00
UCJBXdaAibb0Uk1ZdEpjjA6w,쇼핑천재,40600,17,5,1,1772569,2026-09-16T05:10:03.000270+00:00
UC9CPf1vJxWkndwY1JvVDZVw,쇼핑남자,6370,38,2,1,1600505,2026-09-16T05:10:03.000270+00:00
UC0DO9iVMCdUOwRRnLcg94hw,꿀템줍줍,44400,16,2,1,1558492,2026-09-16T05:10:03.000270+00:00
UCL12SCB2y7J-KX0_ghAf-xQ,썰풀다,0,90,11,1,1356205,2026-09-16T05:10:03.000270+00:00
UClecY6IhcjwmCBJHiZ2-cTg,이븐쇼핑,28300,25,11,1,1101222,2026-09-16T05:10:03.000270+00:00
UC_hBVJA6hxD4V2Y0DUYBvuQ,참좋은 도구들,1830,22,3,1,1020651,2026-09-16T05:10:03.000270+00:00
UCWomFGpBfxBeHvdXB9j7RSA,살림템바이,1090,19,1,0,950031,2026-09-16T05:10:03.000270+00:00
UCbYO4SBywZ2oWv1u309oWmQ,젤다바라,78800,25,16,0,923611,2026-09-16T05:10:03.000270+00:00
UCLfbmUmxSHW-8Ylwcgp-W3w,Gcar지카,75100,26,4,0,762391,2026-09-16T05:10:03.000270+00:00
UCo5ENVMKRcuYNV6jubsD_7g,긍정템,3660,9,1,0,759728,2026-09-11T23:10:02.319689+00:00
UCBFu04us6bv9OFcwrJDXdMg,살림킹왕짱,14600,3,3,0,689888,2026-09-16T05:10:03.000270+00:00
UCmBeuONh4NLs9QRyEEUE_gg,쓸모있어,1240,25,3,0,655449,2026-09-16T05:10:03.000270+00:00
UCcB3VYyx4jQHx5x6GrRT_lA,도토리에이드,2090,12,2,0,654623,2026-09-16T05:10:03.000270+00:00
UC8Wcwts4ChdpCe-nzqpM04A,인생갓템,30700,28,5,0,642249,2026-09-16T05:10:03.000270+00:00
UCFAekCMnUys14PviokatqRg,형님여기,11300,3,1,0,605450,2026-09-16T05:10:03.000270+00:00
UCQRLTJOU9WTtstLwIeM2lmA,왜 팔릴까,1720,25,1,0,584126,2026-09-16T05:10:03.000270+00:00
UCf_dI4hEIhyO_Ghbpg-0yXA,공가미,8070,24,3,0,527555,2026-09-16T05:10:03.000270+00:00
UCgfKCrLj5KBIW01hDol2E6g,K파민,446,11,3,0,512574,2026-09-16T05:10:03.000270+00:00
UCacjYzv8sSzopDmI_PuNhYw,느좋스냅,42300,20,1,0,505538,2026-09-16T05:10:03.000270+00:00
UCJh0LKgxAY9D_HveFiAJuWg,와우냥,1340,12,1,0,474936,2026-09-16T05:10:03.000270+00:00
UCyyk7IoDEQyYLBDLtmc2z_g,쇼츠왕,79900,1,1,0,439457,2026-09-08T12:30:44.178691+00:00
UC5vYR2CFF4364oi5l6CWRjA,숏핑,39900,17,3,0,436791,2026-09-16T05:10:03.000270+00:00
UC-Qj4ZHVdxC0F-m8quxl-Fw,귤템,4880,18,5,0,430988,2026-09-16T05:10:03.000270+00:00
UCtd1t12z1qtValhDD728tsg,우디홈템,3700,24,2,0,391769,2026-09-16T05:10:03.000270+00:00
UCAMzJiDSN-e1fI_KPVeQT_Q,순삭킥,8870,43,1,0,389789,2026-09-16T05:10:03.000270+00:00
UCiPQoT8SKnIh3MsBU2B7Ahw,트렌드헌터,1350,13,3,0,375995,2026-09-16T05:10:03.000270+00:00
UCi7bltdlfSaL3BODXJKalqw,수미네집,6030,19,1,0,356431,2026-09-16T05:10:03.000270+00:00
UCao4qHQPcLZSRbRdsrrFRYw,짤컷,2130000,4,3,0,354133,2026-09-16T05:10:03.000270+00:00
UCIgtYMqr64yueJP8SwuySOg,일단담자,1240,11,1,0,337743,2026-09-16T05:10:03.000270+00:00
UCyqiNyt44mK8U06nlz5N2-g,갓성비스토리,10300,12,3,0,335101,2026-09-16T05:10:03.000270+00:00
UCXeyhZ8xitVlXHdDuxY6zCA,리뷰남 ,16100,46,3,0,311713,2026-09-16T05:10:03.000270+00:00
UCXFCGk6imyNzBexyLY8MhIQ,코어장바구니,8610,9,2,0,301912,2026-09-16T05:10:03.000270+00:00
UCjiyB-pm9LTdsk4a4Yw7oiA,마미마루,507,13,1,0,296503,2026-09-16T05:10:03.000270+00:00
UCMEIFNQI1F99mOxyZgcRP2Q,별걸하는 예림,1080,26,1,0,295893,2026-09-16T05:10:03.000270+00:00
UCKppHYI5ul6uw-AXOMCFMiA,뽀터언니,1350,27,3,0,288599,2026-09-16T05:10:03.000270+00:00
UCjcBUxcvR7foJmnVZW3HauA,상자쿤,5860,27,1,0,255372,2026-09-16T05:10:03.000270+00:00
UCXunUiivb1W3mcHfBrZXY-A,도파민모음집,78600,27,3,0,250767,2026-09-16T05:10:03.000270+00:00
UCm_dU1KOfQ8nxFvmtm0Xx2w,로디홈,5990,19,3,0,235678,2026-09-16T05:10:03.000270+00:00
UCQnBrRb-ZBU_7o5kSR27L6g,리치쇼핑,3050,25,1,0,223383,2026-09-16T05:10:03.000270+00:00
UCxIrSJQEtzz4ML6Lc-uu5tQ,이런호기심,14400,56,2,0,220667,2026-09-16T05:10:03.000270+00:00
UCgTtnudYoP52oF_zRXv--aw,리빙픽템,6760,25,1,0,209181,2026-09-16T05:10:03.000270+00:00
UC7-zAnA-Q91i52Ma1ufhGHg,달래샵,6910,20,1,0,208099,2026-09-16T05:10:03.000270+00:00
UCtMChWo4yEHL0ExsQP_aPog,생활꿀템추천샵,6830,23,1,0,203910,2026-09-16T05:10:03.000270+00:00
UCrbvN94QfoCjbTKHEpz7heg,전설의레전드,10900,38,1,0,197243,2026-09-16T05:10:03.000270+00:00
UCSSX2CRpRQPRM_uaEDXG7UA,꿀팁꿀템,53800,10,2,0,184183,2026-09-16T05:10:03.000270+00:00
UC9xFtH7mQHBDlJU9QZPxIHA,쿨냥냥,5630,24,1,0,171265,2026-09-16T05:10:03.000270+00:00
UCmErD4mBSQUUIxHFB8RTJLA,정리왕,421000,10,1,0,164376,2026-09-16T05:10:03.000270+00:00
UCsBp41OBfF8FSJgCvXuT6GA,또왔소,10700,43,2,0,151773,2026-09-16T05:10:03.000270+00:00
UCwMAogoSQEn98l7Nc_4XYgA,썰핑,15600,15,1,0,144700,2026-09-16T05:10:03.000270+00:00
UCqCCuXzpl3sNkEhLHbti2hg,갓성비추천템,29800,26,2,0,133814,2026-09-16T05:10:03.000270+00:00
UC5rvoEXd7QdesaKzgHwS1mQ,드라마짠,4340,26,1,0,117308,2026-09-16T05:10:03.000270+00:00
UCT8WkOQ7YyQ2MgzQqf8_-Hw,쇼핑 치트키,4700,7,1,0,101655,2026-09-16T05:10:03.000270+00:00
UC4IyrYt1y1d5_cdJaOCSK6Q,설렘픽,2580,24,0,0,96980,2026-09-16T05:10:03.000270+00:00
UCHf6VUdwbOnFotJR4oOX3Qw,생활용품 연구소,20700,19,0,0,84185,2026-09-16T05:10:03.000270+00:00
UCtx_L77r2yqat1RszS8FWeA,살림체크,10600,4,0,0,83085,2026-09-16T05:10:03.000270+00:00
UCXteg2LRkVxN8b7umCE7QOQ,딸기라떼,5130,25,0,0,82469,2026-09-16T05:10:03.000270+00:00
UCDZguQGJNB3Fd6jGxVN-OBQ,오리핫템,19900,14,0,0,80356,2026-09-16T05:10:03.000270+00:00
UCo9-zOfUrHa9D1WwATfGZkg,땡스템,4210,10,0,0,79253,2026-09-16T05:10:03.000270+00:00
UC8xd-QDCEh3dTiM7_Ho4Nsg,살림자매,17500,5,0,0,78551,2026-09-16T05:10:03.000270+00:00
UC963EDydyw3xjtUISucDBww,인생굿즈,15600,12,0,0,64723,2026-09-16T05:10:03.000270+00:00
UC6cd2qeVVM23b0XOjjHo50Q,썰쇼템,13700,18,0,0,55244,2026-09-16T05:10:03.000270+00:00
UCbXQ-jeANTm-IHYRNdfOqog,먹성비광인,19200,7,0,0,53419,2026-09-16T05:10:03.000270+00:00
UCWxOX_V20IOuenTjTsfvlsA,와우템픽,1080,10,0,0,53313,2026-09-16T05:10:03.000270+00:00
UCajp81ra8nklMRkUcjvaysQ,앞북이,1100,10,0,0,52246,2026-09-16T05:10:03.000270+00:00
UCvAa_Y8pn-aHgsjOqET6h9A,랜더쇼츠,1490,23,0,0,51321,2026-09-16T05:10:03.000270+00:00
UCyNPgH7_QEsoW4PbLJHmi2Q,유머굿템,17500,28,0,0,47969,2026-09-16T05:10:03.000270+00:00
UCnD6bgF50o87a92-iK1dI8Q,살림도사,14500,16,0,0,46091,2026-09-16T05:10:03.000270+00:00
UCbPaOpjkNYMyriHzWt5c_Mg,리빙플립,13100,28,0,0,44319,2026-09-16T05:10:03.000270+00:00
UCOF1TzdOlQZ-odJ4R33039g,소소한 리뷰,11300,6,0,0,41454,2026-09-16T05:10:03.000270+00:00
UCROcrwDkppY1we0HUBV9drw,홈꾸미,15600,12,0,0,39941,2026-09-16T05:10:03.000270+00:00
UCSOrD3IlYZlnDAbBmIiHcog,썰칩12,22700,6,0,0,38321,2026-09-16T05:10:03.000270+00:00
UCsDfcfW-a0kS-7QSdxpBprw,쇼츠킹,72400,24,0,0,37191,2026-09-16T05:10:03.000270+00:00
UCJLXKqrJD0peCwP1xKUVoEQ,꿀템첵첵,27200,23,0,0,34418,2026-09-16T05:10:03.000270+00:00
UC_VNciqAX_YorgWXnkB2OUA,꿀템박스,148,12,0,0,32818,2026-09-16T05:10:03.000270+00:00
UCSEvfS9sQzl_tUZrQZSU1YQ,쇼츠룸,1150,27,0,0,31843,2026-09-16T05:10:03.000270+00:00
UCpGmVygxrkPjLujLZHTH9tg,다람이 썰전,1080,7,0,0,31582,2026-09-16T05:10:03.000270+00:00
UC4FcZUxwwBj0RsVbtVay3Bg,숏팡,43100,17,0,0,30099,2026-09-16T05:10:03.000270+00:00
UCa1SBg9Pja6ILneecrBSrlQ,별걸다봄,17700,18,0,0,28633,2026-09-16T05:10:03.000270+00:00
UCwm38_JAcLMKiUFQXyrJDng,무슨템,31800,2,0,0,28024,2026-09-16T05:10:03.000270+00:00
UCdcswue1gCphrrc3wpyLIcQ,오늘줍줍,1110,10,0,0,27537,2026-09-16T05:10:03.000270+00:00
UCEMC0lajCXtNwFTCaO3aWhQ,꿀템,1070,6,0,0,27449,2026-09-16T05:10:03.000270+00:00
UC-Hke7BlSFGuxnHZROKglSA,와이거뭐냐,1190,6,0,0,27059,2026-09-16T05:10:03.000270+00:00
UCvJ31Kx7aqjquo3NRa5oYvw,인쌩스토리,23900,2,0,0,23955,2026-09-16T05:10:03.000270+00:00
UCmlJ9iGWL-abyr83B7UpQdA,이슈 리뷰어,0,14,0,0,22795,2026-09-16T05:10:03.000270+00:00
UC7RASIHu7B9QtjD81yWOYMQ,아이템홈,23800,7,0,0,22567,2026-09-16T05:10:03.000270+00:00
UCLshOjkCJypr5oK5kaIfc3Q,고고살림,1,11,0,0,21432,2026-09-16T05:10:03.000270+00:00
UCXqe5BR7T3DyM4KfsMw_xCw,반디몰,1050,14,0,0,20460,2026-09-16T05:10:03.000270+00:00
UCKQnORS9O6zGZJcSGE5BD9A,다있슈,1770,7,0,0,19874,2026-09-16T05:10:03.000270+00:00
UCo2z7vorOcD2wU8uxL8Wgew,럭키박스,2340,5,0,0,19793,2026-09-16T05:10:03.000270+00:00
UCkAv5c_XGwtEhpYk3i-zcFg,오늘꿀템,1380,24,0,0,19196,2026-09-16T05:10:03.000270+00:00
UCftOKSV4zEiTyPVHoilopJg,우리살림,0,27,0,0,18131,2026-09-16T05:10:03.000270+00:00
UChH1aaAFewI2YkRaud2VK7Q,방구석꿀템,27600,1,0,0,17979,2026-09-07T23:10:02.851021+00:00
UCkNyoTiC61Bk0uSUI1iXavg,으니픽,1300,19,0,0,17581,2026-09-16T05:10:03.000270+00:00
UCGEUFnhdQwS3AJIsKCtCjcQ,포미픽,3850,17,0,0,17575,2026-09-16T05:10:03.000270+00:00
UCuenvpSH41lVT6_A6yJH8_g,신비아이템,5780,12,0,0,17512,2026-09-16T05:10:03.000270+00:00
UCWWUXE1dfKgYhF5eUHsITZw,살림장착,8850,9,0,0,16985,2026-09-16T05:10:03.000270+00:00
UCKWVaeDC6tK_ars0ePjnSmg,모든지식,8950,7,0,0,16806,2026-09-16T05:10:03.000270+00:00
UCee8Ue8X00TH6eSoZ0w08eQ,살림보고,10800,17,0,0,16215,2026-09-16T05:10:03.000270+00:00
UCMSSyyqvLTKjObcGQdrZmUw,내일 쇼핑,1880,14,0,0,14991,2026-09-16T05:10:03.000270+00:00
UCzsQdVEBdHbsKc3vnvwWbKg,살림치트키,193,14,0,0,14731,2026-09-16T05:10:03.000270+00:00
UCZ-SlgDOFM414Lil2nz0qeA,장바구니 털기,1020,13,0,0,14518,2026-09-16T05:10:03.000270+00:00
UC59ltLI8hmrkc1xbgfYutOA,대박살림,20600,11,0,0,14516,2026-09-16T05:10:03.000270+00:00
UCYCG5lUULO-cCdBLcW7HdcQ,지식배송,1350,21,0,0,14145,2026-09-16T05:10:03.000270+00:00
UCWx424NCKxUyAE44qQqLtcA,쇼핑하는 김반장,641,15,0,0,13339,2026-09-16T05:10:03.000270+00:00
UCo3SJu4c8apyRHK_dbo8UDQ,냥냥쿨범,21500,22,0,0,13138,2026-09-16T05:10:03.000270+00:00
UCIyTeukO_p950A7jE7JpIXA,루구나,19600,18,0,0,11302,2026-09-16T05:10:03.000270+00:00
UClH-_xmcx20MxD8JkQN9AMA,템파라치,0,8,0,0,10270,2026-09-16T05:10:03.000270+00:00
UCT85DCDEhMZ7m25epYn8RQA,팝콘킥,1070,4,0,0,10143,2026-09-15T05:10:02.238212+00:00
UCXR-TD74uN9tpuVlBQ3Ebxw,상상세계,1410,7,0,0,10131,2026-09-16T05:10:03.000270+00:00
UCeJFWA2IezjWpD6RY2KQ0XA,집좋아,8360,5,0,0,9783,2026-09-16T05:10:03.000270+00:00
UCvh2UG_V2Ocjq8bUMOFxnew,마이픽 l 살림 뷰티 꿀템,1970,1,0,0,9701,2026-09-13T05:10:02.819135+00:00
UCbX5CgjqDHQXDk4FN6ltj3g,찐리뷰 클라쓰,23700,20,0,0,9281,2026-09-16T05:10:03.000270+00:00
UC_AXLecDgPVAWgIMuYuVlUQ,더 홈 에디토리,11000,8,0,0,9229,2026-09-16T05:10:03.000270+00:00
UCs9RZo0W2sA-ik3w2j4MKzg,홈킥킥,15800,9,0,0,9129,2026-09-16T05:10:03.000270+00:00
UCU-hzvLc1Tvab1lRP0cEJtg,요새난리,0,17,0,0,8925,2026-09-16T05:10:03.000270+00:00
UCpEdJalKfwWR4D2xelfyKoA,숏딜,15200,13,0,0,8006,2026-09-16T05:10:03.000270+00:00
UCNJZp1yAAh_E7huN6_UidUQ,세꿀상점,10,15,0,0,7896,2026-09-16T05:10:03.000270+00:00
UCtGtq10wQqxfEORTRNn5VHA,뭐길래? | 생활 꿀템 쇼츠,1020,11,0,0,7312,2026-09-16T05:10:03.000270+00:00
UCBbwHlb1OqkGKzQllrsCzVA,아스토니쉬코리아,0,18,0,0,7185,2026-09-16T05:10:03.000270+00:00
UCQ2JFIz_likMRmv3DXckjhQ,뭐야템,12700,6,0,0,6992,2026-09-16T05:10:03.000270+00:00
UCeFyc4mX2P-4htfOKZo3zUg,토란토란,3530,7,0,0,6892,2026-09-16T05:10:03.000270+00:00
UCWgTmHo0TsUEDduoN1fmGrw,순간의픽,580,27,0,0,6869,2026-09-16T05:10:03.000270+00:00
UCidV5xoTd-ToM-6lqw3slnQ,집꾸,30200,18,0,0,6867,2026-09-13T05:10:02.819135+00:00
UCUWWMZ037mVmBHtY9SJRbJg,선물마트,2700,4,0,0,6646,2026-09-16T05:10:03.000270+00:00
UCtVONXOQv3-nTqKA3LhaFNQ,담아,187,25,0,0,6495,2026-09-16T05:10:03.000270+00:00
UCAVC4gijcbwK1VJ2acJvjvw,도잇도잇,1250,9,0,0,6306,2026-09-16T05:10:03.000270+00:00
UCApo3nGJJMJsssEARDb1bpw,샤샤홈,961,13,0,0,6247,2026-09-16T05:10:03.000270+00:00
UCKKEqaxJmev8w7gd4H5KcAw,홈스터,0,18,0,0,6122,2026-09-16T05:10:03.000270+00:00
UCmYc8Jr2JkQ5fxUSkOHc_pQ,소장각템,8,5,0,0,6092,2026-09-16T05:10:03.000270+00:00
UCTiTDnbVHe3k4EuFjUry8Qg,꿀템연구소,10400,16,0,0,6085,2026-09-16T05:10:03.000270+00:00
UCkec0idwZpe-sAm6SU0ztCg,실링홈,0,24,0,0,5996,2026-09-16T05:10:03.000270+00:00
UC5-UN3i3gbzMscE0WOFciYQ,꽈리 원픽,10100,10,0,0,5771,2026-09-16T05:10:03.000270+00:00
UCWd-1TQabHd8NVczBJhDiWg,유용하데이,56,6,0,0,5689,2026-09-16T05:10:03.000270+00:00
UCaZ-W-VZCBiUQvjNKbvCung,김마마,12900,4,0,0,5576,2026-09-16T05:10:03.000270+00:00
UCTXuvpifjiHgL8C8mfzQMoA,나를 위한 발견,32,7,0,0,5559,2026-09-16T05:10:03.000270+00:00
UCvFDE0jxXr9XGJRU-WIjtHw,사길잘했다,1960,16,0,0,5378,2026-09-16T05:10:03.000270+00:00
UCXccIZ79O9DLgy5JWiGkt5Q,꿀꿀꿀팁,583,1,0,0,5345,2026-09-07T23:10:02.851021+00:00
UCOFzZQsP2bgeZaDZBLfPI4Q,헤븐쇼핑,1020,7,0,0,5240,2026-09-16T05:10:03.000270+00:00
UC5GVjOaF9CwOnMLvjI_BFMQ,이거하나,1270,11,0,0,5173,2026-09-16T05:10:03.000270+00:00
UCT_k9uNCG3aXxb8UJJ9f2_g,속닥마켓,82,31,0,0,5064,2026-09-16T05:10:03.000270+00:00
UCH6fp7Bvc_9bnNFulQfMAsw,이거다시바,0,27,0,0,4989,2026-09-16T05:10:03.000270+00:00
UC-EoLkNNFVaTrgueslPpaOw,필수 픽!,13200,14,0,0,4918,2026-09-16T05:10:03.000270+00:00
UCsIILkcKTaBwbSOtGDJddoA,이왜템,1080,4,0,0,4886,2026-09-16T05:10:03.000270+00:00
UC8CHcN19p3bCtmYDGD-Fj4Q,ㄹㅇㅋㅋ,1070,5,0,0,4633,2026-09-16T05:10:03.000270+00:00
UCKsQWbPpWreYK9SxNoDuP7w,꿀템튜브,70,21,0,0,4582,2026-09-16T05:10:03.000270+00:00
UCZgoriOzc_ETvVG-o72Xjcw,썰n픽,1080,10,0,0,4495,2026-09-16T05:10:03.000270+00:00
UC2OLkQ_zDKl1AiFtVhuHF8A,손끝상점,27,12,0,0,4412,2026-09-16T05:10:03.000270+00:00
UC5IbeEH_EE8jv5LR9IkkBng,핑크수저,42,21,0,0,3913,2026-09-16T05:10:03.000270+00:00
UCjDpXmRiurIao_4wg9-lXFA,살림픽,971,19,0,0,3877,2026-09-16T05:10:03.000270+00:00
UCW5k_X62_iS3CcAtyi8_Pkg,이거뭐야,10700,14,0,0,3862,2026-09-16T05:10:03.000270+00:00
UCyu2Fsk_aUhf4V14MQvV0LA,천만템노트 ,1070,6,0,0,3469,2026-09-16T05:10:03.000270+00:00
UCf7bNcknWzsBcmt_ZvXDWKw,선물장인,35500,2,0,0,3437,2026-09-16T05:10:03.000270+00:00
UCuBpEqak9dgcJ93BilzCs-Q,마케터의 시선,69,12,0,0,3277,2026-09-16T05:10:03.000270+00:00
UC_zfdnlzdtDVQ8o_7bVtucQ,사아말아,1070,17,0,0,2938,2026-09-16T05:10:03.000270+00:00
UC7FjLNGE2CZyi2lpPJe9hXw,써니네,0,10,0,0,2838,2026-09-16T05:10:03.000270+00:00
UCLMldDtL8VpRxS4FMpFa8bw,@쿠템헌터3,164000,17,0,0,2692,2026-09-16T05:10:03.000270+00:00
UCw-Vssbyj4PQQCVfZyqxP5Q,쇼컷리뷰,605,24,0,0,2665,2026-09-16T05:10:03.000270+00:00
UC-JocGJNH8EwwRhzGtXAQ8g,별난상점,1360,4,0,0,2662,2026-09-12T23:10:03.131380+00:00
UCmY_DsUlpkWMOMIlDDBp_8Q,그럴줄알았지 : 세상 사는 이야기,6960,6,0,0,2648,2026-09-16T05:10:03.000270+00:00
UCr7Qe2OTQGCsffjuJLNnJMA,다마다마,815,2,0,0,2569,2026-09-16T05:10:03.000270+00:00
UCuRY26MdC8dmMsfFuWlHZdA,1분쇼핑,32,22,0,0,2485,2026-09-16T05:10:03.000270+00:00
UC6AlXcfrXxXBRc3lZbX1gxg,꿀딜,235,5,0,0,2475,2026-09-16T05:10:03.000270+00:00
UCa1enQMgexzSQabzqhSA-Gw,집돌이,0,1,0,0,2448,2026-09-11T05:10:02.666924+00:00
UCsOTPmxX1xE3kwEZOMrwKXA,리뷰꿀템,353,5,0,0,2405,2026-09-16T05:10:03.000270+00:00
UC3afdR5jBQXyqRNXArZyWsg,elumiaa,158,27,0,0,2379,2026-09-16T05:10:03.000270+00:00
UCQxTlmgeS-Nl7ohnFUMvydA,sl_pongdang,276,3,0,0,2291,2026-09-14T05:10:02.569334+00:00
UCUqlPKmVLvup_zYbdEJC0Fw,꿀템통,0,6,0,0,2170,2026-09-08T23:10:01.332600+00:00
UCyI0VStrxHMNxmZ-slp9OKg,썰렘톡톡1,2,7,0,0,2132,2026-09-16T05:10:03.000270+00:00
UC_2n09uyQRZul678TB6p7aA,살림꿀템,12000,3,0,0,2083,2026-09-16T05:10:03.000270+00:00
UC9LBOv0BoM6xgLwla14Ovxg,부시리,1040,5,0,0,2076,2026-09-16T05:10:03.000270+00:00
UCLXApdSAvnFqbmbbZs1l_Cg,살림덕템,22,7,0,0,1911,2026-09-16T05:10:03.000270+00:00
UCYEAVA-eiutDvg_WNLijepQ,살림킹,1040,3,0,0,1719,2026-09-16T05:10:03.000270+00:00
UCzTidnXqCzeDy2kIW43P81w,꿀발견,1040,3,0,0,1679,2026-09-16T05:10:03.000270+00:00
UC4gpEgUSm1hUqjWHo9OG8fA,쉿~비밀이야,0,30,0,0,1626,2026-09-16T05:10:03.000270+00:00
UCFiXBi7X0-uwMANVIY9f-jw,핫템 리뷰,11,8,0,0,1560,2026-09-16T05:10:03.000270+00:00
UCdvrwMwmqJhaGagPphXzLDA,살림라디오,22,3,0,0,1552,2026-09-16T05:10:03.000270+00:00
UCietYNCdgcYUhiZA5aAOhFw,홈노트,965,3,0,0,1550,2026-09-16T05:10:03.000270+00:00
UCDrPxmsqN83qROmDpQ0ai6Q,톡템,1090,11,0,0,1476,2026-09-16T05:10:03.000270+00:00
UCl73b511gokM8gUQLM9ZSbQ,먼지잼,10100,8,0,0,1389,2026-09-16T05:10:03.000270+00:00
UCCbu4MtnB9ZcI40HSCkMcOg,꿀생템,95,8,0,0,1338,2026-09-16T05:10:03.000270+00:00
UCCC9Zk2pbObvRZK8s7v7r1w,홈양품,8,11,0,0,1278,2026-09-16T05:10:03.000270+00:00
UCG5hWeos6PAN5iBU5Olvbiw,환상의콤비,2910,1,0,0,0,2026-09-16T05:10:03.000270+00:00
UC-oB-CMigO3pWBzgUwPlFwg,살림프로 l 꿀템ㆍ살림템ㆍ홈인테리어,764,0,0,0,0,
UC-thK1xmMjO3mRRpzmrmTcQ,홈클립 쇼핑,2,0,0,0,0,
UC-zSoEkT0FyQzbCykYf5DtA,리뷰통,365,0,0,0,0,
UC0P5qHydiuDSgkFk-mTyu3w,먹바구니,1760,0,0,0,0,
UC0XYT0afBUVyjxvQNhlklDw,바이템,5870,0,0,0,0,
UC21JmD6VGf7mXGc9gxS4Mxg,세상지혜,46900,0,0,0,0,
UC34AB0GHGJ25YWhl6FnsmNg,스마트잇템,1220,0,0,0,0,
UC35oLu7T4qiRKCLlZVrZJfw,템파라치,0,0,0,0,0,
UC4-SE2x6hoNwqEw7SevGYTw,가희아씨야담,1490,0,0,0,0,
UC4RkhYh3tacILZ-Ks9j-h3g,아가솜육아TV,12300,0,0,0,0,
UC4bzIjpXd9dqyHzTiMkm_aw,재미쏙,290000,0,0,0,0,
UC4u1aLgbTxQOcIq0BMOb5Ug,행복나우,236,0,0,0,0,
UC4xwj0uHICW0C14yLLxkWyw,이지리빙,0,0,0,0,0,
UC4zKPRdMQ8qM2MtXxAExSxg,AV핫걸,3330,0,0,0,0,
UC56R8UctN6Ma-xjt46tSCPw,티아 Tia,117000,0,0,0,0,
UC5YHB-c4TAbEc35nYYhNb-Q,희망나무 tv,374000,0,0,0,0,
UC6orvCNhe1jB_OU002ujViw,룰라템냥,12300,0,0,0,0,
UC7zIz7HysbJKpZqUnugKTKg,가성비잇템,2320,0,0,0,0,
UC8Vo04ToezcJrC6ZfR1InbA,이주부 Ms. Lee,18500,0,0,0,0,
UC8u67kYxZGeoR-xvpGVuU9Q,꿀팁픽,0,0,0,0,0,
UC94v7m_cPOCUtAsGjcrsFmw,집템뒤집기,58,0,0,0,0,
UC9jYL6i2p2YvbgbwhCPUJyg,시니어바른생활연구소,165000,0,0,0,0,
UCAiKpwM4O2vwGXEMUIFcf3w,전자배달뷰 [MP500],214,0,0,0,0,
UCAj_LIyzT8dMQKgdKFbX9Lg,낭만살림,70,0,0,0,0,
UCApJ0PV6913Z-gW7t4Eq0jQ,썰토리 - 감동 동물 이야기,289,0,0,0,0,
UCBPIRXyocAodwq1emJc8W5g,정희네서랍,25200,0,0,0,0,
UCBUdYwaxfYFNffmk_qIq-ng,ALEX JIN,55,0,0,0,0,
UCC5SgfwjSCih0B6_gHcVO8Q,짤템,17400,0,0,0,0,
UCCf0EHC1petis3gn2BLjcGQ,살림카트,13500,0,0,0,0,
UCCluJVMkqnFE2DO3dfyQx8Q,코믹펀,10200,0,0,0,0,
UCDh_qKHMsm7211_tDL4n_-A,텃밭 대풍년 노하우,2330,0,0,0,0,
UCF69a8-0qCarqa65_oZtkWw,이지리빙,0,0,0,0,0,
UCF8us-Jsp8Huvl3mEVYnAaA,(주)홈씨씨 KCC창호유리 (성상문 이사),48300,0,0,0,0,
UCFNrw2e8hS83eB3qttGrDsw,원더풀 인생후반전 ,540000,0,0,0,0,
UCG7lQI21WORcztFETuHEqYg,구야,510,0,0,0,0,
UCGIJt2Kym5v90wvOjrkDCyQ,슈퍼개미 차트픽,139000,0,0,0,0,
UCGm5ZVF2oC-u6YIfDrB0HJA,살림치트키,0,0,0,0,0,
UCHiTXE5NspZDI-wAH4k_qHg,소소한 생활 백서 ,0,0,0,0,0,
UCIGVanMiKoLu0rGBrkhRpLA,망고세상,17500,0,0,0,0,
UCIQIfiECZVBgaPgiBUdsdng,홈앤미 에디터,9,0,0,0,0,
UCL6wWoami4KuwdaLhhgcemA,김주난 작가의 인생수업,21500,0,0,0,0,
UCLwNqQ4Hotl7LMYNQtiDtSg,권가네 식물이야기,90400,0,0,0,0,
UCLygaUU9YA4J1uQrmw3GhRQ,바겐언니,267,0,0,0,0,
UCN4QUri5R7nSEyWrxYnWJDw,생활채움,12200,0,0,0,0,
UCN5K3hTyfIArsdrWT4myEOg,큐픽,12600,0,0,0,0,
UCNOA-IwgMAatMFGwdB5n-2Q,서윤초이 seoyoonchoi,13300,0,0,0,0,
UCNSRTZiSXt7eV4b6E-oVRAQ,템즈픽,417,0,0,0,0,
UCNkjucaUfsADcf9YxuhiSQw,슈머픽,57,0,0,0,0,
UCOzlqDMUvJZiG0PCIjcWlig,한양리뷰,13700,0,0,0,0,
UCPatzNKLFJ4WPxZN3vob51g,쇼픽픽,2110,0,0,0,0,
UCQqGOR_D6JPEhGU_NlHfN3A,My Channel,44800,0,0,0,0,
UCQqqx7qLMA2tWg3b_fgRJ7Q,살림치트키,31500,0,0,0,0,
UCQxBqs9t4LoCLNXzNB5R51g,뷰티영지,465,0,0,0,0,
UCRDmulYR1b1VCFwnjazfCaw,홈피아,8020,0,0,0,0,
UCROt8NdotNMXavh3clMIMCw,활용정점.,7350,0,0,0,0,
UCSBngetwn2RXDZSjgz1UI1A,꿀템추추,509000,0,0,0,0,
UCSTOJBZld2UHhlOm6KrG13g,국뽕한스푼,15400,0,0,0,0,
UCSh-jovUOwhyKukny-NhvqQ,김쇼핑,42300,0,0,0,0,
UCTAtgVnRlfk2_czWUNVCiyA,살림톡,16,0,0,0,0,
UCTEBCFfEpJ2tLIVHxK1guyg,푸른당,41800,0,0,0,0,
UCTPkY5KOQdnXMIJavr4lZrQ,미니포켓,21,0,0,0,0,
UCUN83--2eNDPuBnFcj8T4hg,살림하는코큰남편,0,0,0,0,0,
UCUaYrgQdzY3C9GPDgAIiSyg,하우스브릭스,436,0,0,0,0,
UCUdADkODZE1zvJEn99FFJpw,생활반점,172,0,0,0,0,
UCVPodybv1B9LAFeQz1fwaLg,ㅇㅇ야르,27,0,0,0,0,
UCVhK3dGvryiSQ_pu7PPeq-g,편한살림,1690,0,0,0,0,
UCVt2E7YdLB5WvrfGDzU3bTQ,코스트코숏핑정보,73800,0,0,0,0,
UCWOpLJ150hYhTWg7yP4NeqA,ব্যর্থ প্রেমিক ,4340,0,0,0,0,
UCX2a7Fc-3490PKp0W16hmcw,꿀꿀데일리,0,0,0,0,0,
UCXB7dY00AF9zH0CST1VZE0Q,신박한쇼핑,91,0,0,0,0,
UCXHAHAEov0OZ_eL9R1BoW-A,숏핑텔러,3830,0,0,0,0,
UCXS8T7yZIeaRtcWq6WEUOMQ,LIVMOM,2380,0,0,0,0,
UCY8FIpg_WACf312PnttsnLA,오늘의 집사ㅣ생활꿀템,0,0,0,0,0,
UCYQhpLrm_OvoOdFRmyrPpOQ,날먹 살림 : 살림 쉽게 하자,6130,0,0,0,0,
UCYs6lm90PUq9lUuj73VBA3w,딸깍템,18,0,0,0,0,
UCYvDURP-1pUfck8x-PcpVDw,통통한픽,7,0,0,0,0,
UCZ-4P4AV86082HedszdoqTQ,생활의 요정,12500,0,0,0,0,
UCZ6I6x7fbdmBB_5pnowiAXA,택배왔동,0,0,0,0,0,
UCZ6UHYBQFBe14WUgxlgmYfg,오빠두엑셀 l 엑셀 강의 대표채널,1690000,0,0,0,0,
UCZB9mAhMHxUZaa1rb7aXImQ,유니맘의 정보톡톡,1350,0,0,0,0,
UCZcye66t3lwCTZuHxlHbPRQ,행운비법TV,6940,0,0,0,0,
UCZjcdKwIHvDf20JBd5unPMw,복이오는길,36100,0,0,0,0,
UCa0pvW8gytqAeijDDzXN8aQ,자본의 기록,3090,0,0,0,0,
UCal28LYhUhFXXNPVCZR0NPw,홈픽,30300,0,0,0,0,
UCaoVV0IRBtCNP_Nxq_2_DJQ,정리백서,0,0,0,0,0,
UCb8_UiUdnM9S7r1aYPAsSMw,헤블 HEBLE,160000,0,0,0,0,
UCb99enCuUmr9qXijXFom-5A,댄다코리아 나침판TV,2420,0,0,0,0,
UCbkuPA-Q2xqeceiUlkzw8vA,밀땅,1030,0,0,0,0,
UCcHT1q5WSr-kFMqhpVI9ufA,세모제 | 세상의 모든 제품 리뷰,2900,0,0,0,0,
UCcLwWxMg0vbEZ50R41eopqQ,살림e좋아,192,0,0,0,0,
UCdIMjyYweBAF1mmpBLnXBUA,메이크마케팅,3230,0,0,0,0,
UCdcrAzbCocqPsesm6sUtr9g,살림의여왕,502,0,0,0,0,
UCdfdFVoI9o_Q3tPM55sKDfg,꿀지모,810,0,0,0,0,
UCe2yv7ZvKN8RKbSuYANeqng,리뷰UP,5150,0,0,0,0,
UCgeIv39mnrVUmvP410RNLHw,생각의 전환,1030,0,0,0,0,
UCghRvVAxTwjzkCUdnoZTj3w,CHONG TORA,83,0,0,0,0,
UChFLJBGyC22V2pZ-UrmzKog,꿀머니살림템,286,0,0,0,0,
UChQPnCxpZox_-fD37TA-2Vw,물건에진심,1110,0,0,0,0,
UChk6UeEySkahDPugTNBHG_g,미친놈들 대방출,719000,0,0,0,0,
UChkaSwV0bbOT1XxfakBiLNA,생활도구모음집,38,0,0,0,0,
UChohCCCKwaZAXrfmdurxdyA,엄마새 mommybird,14300,0,0,0,0,
UCiOIZnYS9K1M3R7wOfbDhrg,요즘홈 yozmhome,110,0,0,0,0,
UCj-F9OLkdVn1-vkk5dirtPA,Enjoy Every Moment,0,0,0,0,0,
UCj5lPUR6LlKxEj2BV6kucVA,노후지혜연구소,25000,0,0,0,0,
UCl1wxE8FpKc1X9mtRgLs6FQ,잡동사니,337,0,0,0,0,
UCl4Rtta0Hjf2URELSeDe5QQ,역발상구조대,203000,0,0,0,0,
UCl4SM5lq--jqqI2u1z8Gfng,CG맨,39700,0,0,0,0,
UCl74hGJ_DP2tZ-NghTzgixQ,재돌이가족,15700,0,0,0,0,
UClrOuB_ZtWNC0KubUlNDetA,홈코드,8680,0,0,0,0,
UClwk6KBsmV3vHjgRccjqBDQ,살림헤라,7730,0,0,0,0,
UClxhMeg7g6r63dTDyHmHmdw,현이HyunE,12700,0,0,0,0,
UCmGnSVBRy-47EU6E0k3XTiA,Rabbit0506,4810,0,0,0,0,
UCm_1qKBsnIG3CwbhareqxTQ,이거였네,1730,0,0,0,0,
UCnb8QSp-xhMBHqNU5ZxBV1w,나비주름 울산점,522,0,0,0,0,
UCnyWOtdD1Hg3ZykgzJnb5hg,탑픽리뷰,6830,0,0,0,0,
UCo1IGZMHiV6Js91W-1zOVgg,낭만집,20600,0,0,0,0,
UCoggmfhG8MD_tXEgeGMjAEg,명언의 숲,15300,0,0,0,0,
UCp5Ktrok8jtrc5ZNP2e24CA,자취멘토,25,0,0,0,0,
UCqRUmUHyr-M16JmLyHyf7GQ,홈라이트,789,0,0,0,0,
UCqnSXTutoXRyPQ698Jt8u7g,요즘꿀팁💡,37,0,0,0,0,
UCr-INsCJsAjPHBjDm4rw1sw,담아봄,38,0,0,0,0,
UCr_kOXK4qSvEHocuLU_sn8w,꿀팁공장,1000,0,0,0,0,
UCs57tcc0b4RQiqCfGEDTLJQ,기마키네,184,0,0,0,0,
UCsfu-Ph6Mv-eB4BVKcJomYA,짝꿍이셀럽pick,4340,0,0,0,0,
UCtI5qgSjXhQCSWkb4f9c3GA,머어엉,222000,0,0,0,0,
UCtzSbHHaD55Oq3A4nG9jRZg,황금빛 조각들,27400,0,0,0,0,
UCuFdA9MMaGgr-zY5HDm0lNA,아이템스토리,10500,0,0,0,0,
UCuKvkPgny0W6J55Q80lYgnw,먹돌이 Mukdol2,23400,0,0,0,0,
UCuRxrJ2V2GgmCdesXv4eUTw,인생지혜,159000,0,0,0,0,
UCudezj2i6R94QOPqGJhbZwg,뉴사이드,702000,0,0,0,0,
UCwdmkNBEuKBA91mAvhwfujw,손엔라이프,2840,0,0,0,0,
UCx2WpfuOeaX3BHfssIUqBtw,시작의땅,47200,0,0,0,0,
UCxbYOAfsr3AGLkdT8Yg5y2w,투데이쇼핑큐,34,0,0,0,0,
UCy7QgZ6aOoPTQltIcplb8xA,인생2회차,1050000,0,0,0,0,
UCy7VbmdTvcnrA9OJjJGJKxw,짤이야,0,0,0,0,0,
UCychocGDj9_U2SydLizlfug,진영민yeongmin,4870000,0,0,0,0,
UCyotHkjsKZWb9sHS7AlJj4w,오늘꿀픽 ㅣ살림템ㅣ인테리어ㅣ생활용품,24,0,0,0,0,
UCz-g7cXVrfk3ARgnipZ-apA,나만또모르고있었지,1400,0,0,0,0,
UCzKNiiIqV_iXYPAd1UTAuIg,꿀템보글,96,0,0,0,0,
UCzglgSsLP-dvYgd1fmMB9HA,홈업,26600,0,0,0,0,
