video_id,url,channel_id,channel_name,title,views,comments,upload_ts,first_seen,last_seen,category,style,channel_subs,style_set_at
hwgeNcI8vP4,https://www.youtube.com/watch?v=hwgeNcI8vP4,ucmo2rfye0ljbv_m4e5mhz0w,꿀템탐구소,한국 천재가 만들어 감동한 발명품,4304825,908,2026-09-02T13:16:03.000270+00:00,2026-09-14T23:10:03.036703+00:00,2026-09-16T05:10:03.000270+00:00,제품정체형,썰쇼핑,4300,2026-09-14 07:04:05
jt0w9whSBZk,https://www.youtube.com/watch?v=jt0w9whSBZk,ucvq26myeojatrmce0pm0qsq,먹킷리스트,집에 있는 옛날 동전에 '이 숫자'가 박혀 있기만 해도 가치가 800만 원이라네요. 희귀동전 구별하는 꿀팁을 소개합니다.,2528966,1022,2026-09-04T09:58:03.000270+00:00,2026-09-09T23:10:01.358608+00:00,2026-09-16T05:10:03.000270+00:00,기타,썰쇼핑,89600,2026-09-09 07:08:49
5v1dk0wF50I,https://www.youtube.com/watch?v=5v1dk0wF50I,ucjbxdaaibb0uk1zdepjja6w,쇼핑천재,역발상으로 돈방석앉은 육아천재의 발명품,1772569,157,2026-09-01T01:10:03.036703+00:00,2026-09-04T23:10:02.346310+00:00,2026-09-14T23:10:03.036703+00:00,제품정체형,썰쇼핑,40600,2026-09-09 07:08:49
ZkwtNGTL3hQ,https://www.youtube.com/watch?v=ZkwtNGTL3hQ,uc9cpf1vjxwkndwy1jvvdzvw,쇼핑남자,써보면 반한다는 천재의 발명품,1600505,290,2026-09-06T06:28:03.000270+00:00,2026-09-06T23:10:01.282766+00:00,2026-09-16T05:10:03.000270+00:00,제품정체형,썰쇼핑,6370,2026-09-09 07:08:49
Y0vFadxKCvM,https://www.youtube.com/watch?v=Y0vFadxKCvM,uc0do9ivmcduowrrnlcg94hw,꿀템줍줍,"반찬통 뚜껑, 씻고 바로 닫지 마세요😳",1558492,92,2026-09-03T12:58:03.000270+00:00,2026-09-04T23:10:02.346310+00:00,2026-09-16T05:10:03.000270+00:00,제품정체형,썰쇼핑,44400,2026-09-09 02:35:38
t-xMApVctB0,https://www.youtube.com/watch?v=t-xMApVctB0,ucl12scb2y7j-kx0_ghaf-xq,썰풀다,100년 동안 아무도 못 연 할머니의 비밀 상자 열어봄#빈티지화장품 #1930s #레트로감성,1356205,163,2026-09-01T02:46:03.036703+00:00,2026-09-04T23:10:02.346310+00:00,2026-09-14T23:10:03.036703+00:00,제품정체형,썰쇼핑,0,2026-08-19 05:56:25
OyseGsctVwg,https://www.youtube.com/watch?v=OyseGsctVwg,uclecy6ihcjwmcbjhiz2-ctg,이븐쇼핑,한국 천재가 특허내 돈방석 앉은 제품,1101222,71,2026-09-01T11:34:02.238212+00:00,2026-09-04T23:10:02.346310+00:00,2026-09-15T05:10:02.238212+00:00,제품정체형,썰쇼핑,28300,2026-09-09 07:08:49
mK1DRvaaUts,https://www.youtube.com/watch?v=mK1DRvaaUts,uc_hbvja6hxd4v2y0duybvuq,참좋은 도구들,제조사도 당황한 의외의 사용자 #젤펜#왼손잡이펜 #문구추천,1020651,100,2026-09-03T08:16:03.000270+00:00,2026-09-04T23:10:02.346310+00:00,2026-09-16T05:10:03.000270+00:00,제품정체형,썰쇼핑,1830,2026-09-09 07:08:49
_86REXAjv0U,https://www.youtube.com/watch?v=_86REXAjv0U,uclecy6ihcjwmcbjhiz2-ctg,이븐쇼핑,영혼까지 빨아 마시는 한국 천재의 발명품,958451,84,2026-08-24T13:58:01.282766+00:00,2026-09-04T23:10:02.346310+00:00,2026-09-06T23:10:01.282766+00:00,제품정체형,썰쇼핑,28300,2026-09-09 07:08:49
gf25fMSZHO4,https://www.youtube.com/watch?v=gf25fMSZHO4,uclecy6ihcjwmcbjhiz2-ctg,이븐쇼핑,한국 천재가 만들어 돈방석 앉은 제품,957802,55,,2026-09-04T23:10:02.346310+00:00,2026-09-04T23:10:02.346310+00:00,제품정체형,썰쇼핑,28300,2026-09-09 07:08:49
UUEiWg7oijM,https://www.youtube.com/watch?v=UUEiWg7oijM,ucwomfgpbfxbehvdxb9j7rsa,살림템바이,2만명이 저장한 이케아 행주 활용법 |꿀팁|이케아 추천템|주방템,950031,61,2026-08-29T09:58:02.660921+00:00,2026-09-04T23:10:02.346310+00:00,2026-09-12T05:10:02.660921+00:00,홈템,썰쇼핑,1090,2026-09-09 07:08:49
EykE8gyjFYw,https://www.youtube.com/watch?v=EykE8gyjFYw,ucbyo4sbywz2owv1u309owmq,젤다바라,결국 나와버린 리메이크 가불기,923611,177,2026-09-09T04:58:03.000270+00:00,2026-09-09T05:10:02.542305+00:00,2026-09-16T05:10:03.000270+00:00,기타,썰쇼핑,78800,2026-09-09 07:08:49
-cDiMofZWyo,https://www.youtube.com/watch?v=-cDiMofZWyo,ucl12scb2y7j-kx0_ghaf-xq,썰풀다,파스타 면 태워먹던 요린이의 삶을 바꾼 미친 아이템#파스타쿠커 #자취요리 #주방꿀템,866605,123,2026-08-23T05:10:01.374377+00:00,2026-09-04T23:10:02.346310+00:00,2026-09-05T23:10:01.374377+00:00,홈템,썰쇼핑,0,2026-08-19 05:56:25
9mtUoCs0tGM,https://www.youtube.com/watch?v=9mtUoCs0tGM,uclecy6ihcjwmcbjhiz2-ctg,이븐쇼핑,다이소도 예상 못한 천재 주부의 활용법,865922,56,2026-08-26T12:16:02.542305+00:00,2026-09-04T23:10:02.346310+00:00,2026-09-09T05:10:02.542305+00:00,오용형,썰쇼핑,28300,2026-09-09 07:08:49
CRDgWgy4PA4,https://www.youtube.com/watch?v=CRDgWgy4PA4,ucl12scb2y7j-kx0_ghaf-xq,썰풀다,칼로 식빵 썰다 빡친 빵순이가 만든 미친 주방템#빵슬라이서 #주방꿀템 #홈베이킹 #식빵소분,828773,74,,2026-09-04T23:10:02.346310+00:00,2026-09-04T23:10:02.346310+00:00,홈템,썰쇼핑,0,2026-08-19 05:56:25
Ii5dt0E3qD8,https://www.youtube.com/watch?v=Ii5dt0E3qD8,uclfbmumxshw-8ylwcgp-w3w,Gcar지카,시뻘건 쇳덩이를 꽈배기처럼 비틀었더니?! 천만 명이 경악한 단조 작업,762391,10,2026-09-07T06:28:03.000270+00:00,2026-09-07T23:10:02.851021+00:00,2026-09-16T05:10:03.000270+00:00,기타,썰쇼핑,75100,2026-09-09 02:35:38
g2BHj0sB7pk,https://www.youtube.com/watch?v=g2BHj0sB7pk,uco5envmkrcuynv6jubsd_7g,긍정템,점심값 박살내버린 한국 천재 발명품,759728,127,2026-08-24T01:28:01.282766+00:00,2026-09-04T23:10:02.346310+00:00,2026-09-06T23:10:01.282766+00:00,제품정체형,썰쇼핑,3660,2026-09-09 07:08:49
9OslEZJs_is,https://www.youtube.com/watch?v=9OslEZJs_is,ucbfu04us6bv9ofcwrjdxdmg,살림킹왕짱,다이소도 예상 못한 미친 사용법 #다용도걸이,689888,54,2026-08-29T00:52:02.319689+00:00,2026-09-04T23:10:02.346310+00:00,2026-09-11T23:10:02.319689+00:00,오용형,썰쇼핑,14600,2026-09-09 07:08:49
zOVaGcGvbgA,https://www.youtube.com/watch?v=zOVaGcGvbgA,uclecy6ihcjwmcbjhiz2-ctg,이븐쇼핑,이탈리아를 정복해버린 한국 천재의 발명품,656205,117,,2026-09-04T23:10:02.346310+00:00,2026-09-05T04:42:28.257041+00:00,제품정체형,썰쇼핑,28300,2026-09-09 07:08:49
L28p6bpcgnw,https://www.youtube.com/watch?v=L28p6bpcgnw,ucmbeuonh4nls9qryeeue_gg,쓸모있어,다이소에서 꼭 사야 할 BEST 😍,655449,46,2026-09-09T09:58:03.000270+00:00,2026-09-09T23:10:01.358608+00:00,2026-09-16T05:10:03.000270+00:00,홈템,썰쇼핑,1240,2026-09-09 07:08:49
Est1lZgho9o,https://www.youtube.com/watch?v=Est1lZgho9o,uccb3vyyx4jqhx5x6grrt_la,도토리에이드,집안일이 귀찮았던 천재가 개발해 대박난 제품?,654623,48,2026-09-05T22:28:03.000270+00:00,2026-09-14T23:10:03.036703+00:00,2026-09-16T05:10:03.000270+00:00,제품정체형,썰쇼핑,2090,2026-09-14 07:04:05
oFfS_HcJzgg,https://www.youtube.com/watch?v=oFfS_HcJzgg,uclecy6ihcjwmcbjhiz2-ctg,이븐쇼핑,미국 천재가 만들어 떼돈 번 제품의 정체,646683,98,2026-08-29T01:58:02.319689+00:00,2026-09-04T23:10:02.346310+00:00,2026-09-11T23:10:02.319689+00:00,제품정체형,썰쇼핑,28300,2026-09-09 07:08:49
-pWrm2DhOhs,https://www.youtube.com/watch?v=-pWrm2DhOhs,uc8wcwts4chdpce-nzqpm04a,인생갓템,따라만들어 초대박쳐버린 제품,642249,33,,2026-09-04T23:10:02.346310+00:00,2026-09-05T04:42:28.257041+00:00,기타,썰쇼핑,30700,2026-09-09 07:08:49
Ielb4AVTKck,https://www.youtube.com/watch?v=Ielb4AVTKck,ucfaekcmnuys14pviokatqrg,형님여기,일본 천재가 만들어 떼돈 번 제품의 정체,605450,40,2026-08-28T07:28:02.666924+00:00,2026-09-04T23:10:02.346310+00:00,2026-09-11T05:10:02.666924+00:00,제품정체형,썰쇼핑,11300,2026-09-09 07:08:49
PxLN3EJEt64,https://www.youtube.com/watch?v=PxLN3EJEt64,ucqrltjou9wttstlwiem2lma,왜 팔릴까,아들이 만들어 세상을 바꾼 발명품,584126,258,2026-08-25T11:22:24.676804+00:00,2026-09-04T23:10:02.346310+00:00,2026-09-08T11:10:24.676804+00:00,제품정체형,썰쇼핑,1720,2026-09-09 07:08:49
6KlP1xkSKnE,https://www.youtube.com/watch?v=6KlP1xkSKnE,ucl12scb2y7j-kx0_ghaf-xq,썰풀다,삼성 본사 멘붕 터진 애플의 7년 만의 미친 반격#아이폰폴드 #아이폰울트라 #갤럭시Z폴드8 #접히는아이폰 #테크쇼츠,580589,766,2026-08-29T04:52:02.666924+00:00,2026-09-04T23:10:02.346310+00:00,2026-09-11T05:10:02.666924+00:00,제품정체형,썰쇼핑,0,2026-08-19 05:56:25
Is1bwCs2nmE,https://www.youtube.com/watch?v=Is1bwCs2nmE,ucjbxdaaibb0uk1zdepjja6w,쇼핑천재,미국부모들 육퇴를 앞당겼다는 통잠인형의 비밀,555789,75,2026-09-04T01:34:03.000270+00:00,2026-09-04T23:10:02.346310+00:00,2026-09-16T05:10:03.000270+00:00,제품정체형,썰쇼핑,40600,2026-09-09 07:08:49
Rn5Q9GJK6A0,https://www.youtube.com/watch?v=Rn5Q9GJK6A0,ucf_di4heihyo_ghbpg-0yxa,공가미,종이 대신 커피를 넣는 천재적인 발명품ㄷㄷㄷ,527555,54,2026-09-11T10:46:03.000270+00:00,2026-09-11T23:10:02.319689+00:00,2026-09-16T05:10:03.000270+00:00,제품정체형,썰쇼핑,8070,2026-09-09 07:08:49
ay2iZUrBz0A,https://www.youtube.com/watch?v=ay2iZUrBz0A,uccb3vyyx4jqhx5x6grrt_la,도토리에이드,다이소도 놀라버린 찬재 주부의 활용법,514074,18,2026-09-03T10:10:03.000270+00:00,2026-09-06T23:10:01.282766+00:00,2026-09-16T05:10:03.000270+00:00,오용형,썰쇼핑,2090,2026-09-14 07:04:05
2QbyrPcLIf4,https://www.youtube.com/watch?v=2QbyrPcLIf4,ucgfkcrlj5kbiw01hdol2e6g,K파민,백반집에서 혼밥하는 외국인에게 명함 건넨 노신사분의 상상도 못한 정체는?,512574,40,2026-09-05T00:58:03.000270+00:00,2026-09-14T23:10:03.036703+00:00,2026-09-16T05:10:03.000270+00:00,제품정체형,썰쇼핑,446,2026-09-14 07:04:05
rQaMYIZSf1c,https://www.youtube.com/watch?v=rQaMYIZSf1c,uclfbmumxshw-8ylwcgp-w3w,Gcar지카,사과 껍질처럼 쓱? 전봇대 전선 3초 만에 벗기는 마법의 공구 ㄷㄷ,511143,39,2026-08-27T06:46:01.358608+00:00,2026-09-04T23:10:02.346310+00:00,2026-09-09T23:10:01.358608+00:00,장비템,썰쇼핑,75100,2026-09-09 02:35:38
ieg-4Eaz46U,https://www.youtube.com/watch?v=ieg-4Eaz46U,ucacjyzv8sszopdmi_punhyw,느좋스냅,델몬트빈병 수집 노린 한국천재의 미친 기획력 #짧은영상 #유머,505538,244,2026-08-29T13:28:02.660921+00:00,2026-09-08T11:10:24.676804+00:00,2026-09-12T05:10:02.660921+00:00,제품정체형,썰쇼핑,42300,2026-09-09 07:08:49
zZZsiLyTekQ,https://www.youtube.com/watch?v=zZZsiLyTekQ,uclecy6ihcjwmcbjhiz2-ctg,이븐쇼핑,캠핑 업계를 뒤집은 한국 천재의 발명품,476653,99,2026-09-06T01:58:03.000270+00:00,2026-09-06T23:10:01.282766+00:00,2026-09-16T05:10:03.000270+00:00,제품정체형,썰쇼핑,28300,2026-09-09 07:08:49
cxFKMUYol6k,https://www.youtube.com/watch?v=cxFKMUYol6k,ucjh0lkgxay9d_hvefiajuwg,와우냥,또 한번 사고쳤다는 다이소ㄷㄷ,474936,36,2026-08-23T07:58:01.374377+00:00,2026-09-04T23:10:02.346310+00:00,2026-09-05T23:10:01.374377+00:00,홈템,썰쇼핑,1340,2026-09-09 07:08:49
v8-lPGv_pWY,https://www.youtube.com/watch?v=v8-lPGv_pWY,uclecy6ihcjwmcbjhiz2-ctg,이븐쇼핑,한국 천재가 만들어 떼돈 번 제품의 정체,473591,29,2026-08-31T11:40:02.569334+00:00,2026-09-04T23:10:02.346310+00:00,2026-09-14T05:10:02.569334+00:00,제품정체형,썰쇼핑,28300,2026-09-09 07:08:49
6euxRJUPXZA,https://www.youtube.com/watch?v=6euxRJUPXZA,ucbyo4sbywz2owv1u309owmq,젤다바라,요정은 최대 몇 개까지 가능?,463146,126,2026-09-03T08:28:03.000270+00:00,2026-09-08T12:30:44.178691+00:00,2026-09-16T05:10:03.000270+00:00,기타,썰쇼핑,78800,2026-09-09 07:08:49
WE96xHv_dFE,https://www.youtube.com/watch?v=WE96xHv_dFE,ucyyk7iodeqyylbdltmc2z_g,쇼츠왕,99%가 처음 본다는 &#39;액체 대리석&#39;의 비밀 (진짜 붓기만 하면 끝) 😲,439457,27,2026-08-30T12:48:44.178691+00:00,2026-09-06T23:10:01.282766+00:00,2026-09-08T12:30:44.178691+00:00,제품정체형,썰쇼핑,79900,2026-09-09 02:35:38
rc6woSkQ9cw,https://www.youtube.com/watch?v=rc6woSkQ9cw,uc5vyr2cff4364oi5l6cwrja,숏핑,삼성도 당황한 천재 주부 발명품,436791,1,2026-08-28T08:40:02.666924+00:00,2026-09-04T23:10:02.346310+00:00,2026-09-11T05:10:02.666924+00:00,제품정체형,썰쇼핑,39900,2026-09-09 07:08:49
DNwbDqBT9UU,https://www.youtube.com/watch?v=DNwbDqBT9UU,uc-qj4zhvdxc0f-m8quxl-fw,귤템,다이소에 절대 없는 미국 천재 발명품,430988,60,2026-09-01T07:28:02.238212+00:00,2026-09-08T11:10:24.676804+00:00,2026-09-15T05:10:02.238212+00:00,제품정체형,썰쇼핑,4880,2026-09-09 07:08:49
D1ExJpuDoGk,https://www.youtube.com/watch?v=D1ExJpuDoGk,uclfbmumxshw-8ylwcgp-w3w,Gcar지카,두꺼운 쇳덩어리를 두부처럼 썰어버리는 소름 돋는 절단 기술,406790,7,2026-09-10T15:34:03.000270+00:00,2026-09-11T02:10:02.367900+00:00,2026-09-16T05:10:03.000270+00:00,기타,썰쇼핑,75100,2026-09-09 02:35:38
bQ7IDcJwAFE,https://www.youtube.com/watch?v=bQ7IDcJwAFE,ucjbxdaaibb0uk1zdepjja6w,쇼핑천재,개발자도 예상못한 육아천재의 활용법,402758,32,2026-09-08T03:10:03.000270+00:00,2026-09-08T10:27:51.412064+00:00,2026-09-16T05:10:03.000270+00:00,오용형,썰쇼핑,40600,2026-09-09 07:08:49
sOGg5ySFBDo,https://www.youtube.com/watch?v=sOGg5ySFBDo,ucl12scb2y7j-kx0_ghaf-xq,썰풀다,수천억 이혼 소송 후 베트남 커피 여왕이 작정하고 만든 인생 스틱 커피#킹커피 #인스턴트커피 #베트남커피 #아이스라떼 #홈카페추천,399139,53,,2026-09-04T23:10:02.346310+00:00,2026-09-05T04:42:28.257041+00:00,기타,썰쇼핑,0,2026-08-19 05:56:25
NZW7B3I7gt0,https://www.youtube.com/watch?v=NZW7B3I7gt0,uctd1t12z1qtvalhdd728tsg,우디홈템,다이소에서 이거 보이면 무조건 집어오세요,391769,12,2026-08-25T23:00:44.178691+00:00,2026-09-04T23:10:02.346310+00:00,2026-09-08T12:30:44.178691+00:00,홈템,썰쇼핑,3700,2026-09-09 07:08:49
ntEPcF4o-sI,https://www.youtube.com/watch?v=ntEPcF4o-sI,ucamzjidsn-e1fi_kpveqt_q,순삭킥,열심히 준비했는데 예상치 못한 반전으로 끝난 상황 #트랩 #야생동물 #실험 #자연 #꿀잼,389789,22,2026-09-02T04:28:03.157352+00:00,2026-09-14T23:10:03.036703+00:00,2026-09-15T23:10:03.157352+00:00,제품정체형,썰쇼핑,8870,2026-09-14 07:06:10
bOJShaXzw-Q,https://www.youtube.com/watch?v=bOJShaXzw-Q,ucgfkcrlj5kbiw01hdol2e6g,K파민,김치 찢어 먹는 외국인 보고 밥먹던 한국인들이 난리난 진짜 이유,376199,34,2026-09-02T15:40:03.000270+00:00,2026-09-14T23:10:03.036703+00:00,2026-09-16T05:10:03.000270+00:00,제품정체형,썰쇼핑,446,2026-09-14 07:04:05
ejTb4zv1YqM,https://www.youtube.com/watch?v=ejTb4zv1YqM,ucipqot8sknih3msbu2b7ahw,트렌드헌터,진짜 외계인 납치한 거 아니냐는 삼성의 AI 신기술,375995,16,2026-09-01T10:10:02.238212+00:00,2026-09-14T23:10:03.036703+00:00,2026-09-15T05:10:02.238212+00:00,홈템,썰쇼핑,1350,2026-09-14 07:04:05
C9uh0lslkDE,https://www.youtube.com/watch?v=C9uh0lslkDE,ucbyo4sbywz2owv1u309owmq,젤다바라,시간의 오카리나 각 나라별 특전,369133,131,2026-09-13T09:10:03.000270+00:00,2026-09-13T23:10:02.300105+00:00,2026-09-16T05:10:03.000270+00:00,기타,썰쇼핑,78800,2026-09-09 07:08:49
HE7yo0cdWb8,https://www.youtube.com/watch?v=HE7yo0cdWb8,uci7bltdlfsal3bodxjkalqw,수미네집,다이소 가면 이거 무조건 10개 사세요,356431,18,2026-08-29T12:04:02.660921+00:00,2026-09-04T23:10:02.346310+00:00,2026-09-12T05:10:02.660921+00:00,홈템,썰쇼핑,6030,2026-09-09 07:08:49
-XAiwXVuRmY,https://www.youtube.com/watch?v=-XAiwXVuRmY,ucao4qhqpclzsrbrdsrrfryw,짤컷,"드디어 한국에 온 치폴레, 주문 꿀팁 공개",354133,166,2026-09-04T08:28:03.000270+00:00,2026-09-15T23:10:03.157352+00:00,2026-09-16T05:10:03.000270+00:00,기타,썰쇼핑,2130000,2026-09-09 02:35:38
S6eZtXj3UkQ,https://www.youtube.com/watch?v=S6eZtXj3UkQ,ucjbxdaaibb0uk1zdepjja6w,쇼핑천재,한국에선 창피해하는데 해외에선 극찬하는 한국물건?,342994,262,2026-09-07T04:10:03.000270+00:00,2026-09-07T23:10:02.851021+00:00,2026-09-16T05:10:03.000270+00:00,제품정체형,썰쇼핑,40600,2026-09-09 07:08:49
f7dtf8bg98E,https://www.youtube.com/watch?v=f7dtf8bg98E,ucigtymqr64yuejp8swuysog,일단담자,미국 천재가 만들어 돈방석에 앉은 인테리어 제품 정체,337743,18,2026-09-06T09:28:03.000270+00:00,2026-09-14T23:10:03.036703+00:00,2026-09-16T05:10:03.000270+00:00,제품정체형,썰쇼핑,1240,2026-09-14 07:06:10
1IodTJPQ1p4,https://www.youtube.com/watch?v=1IodTJPQ1p4,ucmbeuonh4nls9qryeeue_gg,쓸모있어,주방 인테리어 BEST 꿀템,335741,17,2026-09-07T11:58:03.000270+00:00,2026-09-08T11:10:24.676804+00:00,2026-09-16T05:10:03.000270+00:00,홈템,썰쇼핑,1240,2026-09-09 07:08:49
Q9ew-w37sYg,https://www.youtube.com/watch?v=Q9ew-w37sYg,ucyqinyt44mk8u06nlz5n2-g,갓성비스토리,한국 코스트코가 어이없어한 이유?,335101,25,2026-08-31T02:16:02.300105+00:00,2026-09-08T12:30:44.178691+00:00,2026-09-13T23:10:02.300105+00:00,기타,썰쇼핑,10300,2026-09-09 07:08:49
qE0e9122gmM,https://www.youtube.com/watch?v=qE0e9122gmM,ucbyo4sbywz2owv1u309owmq,젤다바라,저주받은 말,333390,85,2026-08-28T09:52:02.666924+00:00,2026-09-08T12:30:44.178691+00:00,2026-09-11T05:10:02.666924+00:00,기타,썰쇼핑,78800,2026-09-09 07:08:49
ytVVySOVzHU,https://www.youtube.com/watch?v=ytVVySOVzHU,ucbyo4sbywz2owv1u309owmq,젤다바라,비오는 타이밍 레전드,333288,45,2026-09-08T10:16:03.000270+00:00,2026-09-08T12:30:44.178691+00:00,2026-09-16T05:10:03.000270+00:00,기타,썰쇼핑,78800,2026-09-09 07:08:49
yDSv96ANbqA,https://www.youtube.com/watch?v=yDSv96ANbqA,ucbyo4sbywz2owv1u309owmq,젤다바라,조라 왕족 이름에 숨겨진 비밀,326887,76,2026-09-07T09:58:03.000270+00:00,2026-09-08T12:30:44.178691+00:00,2026-09-16T05:10:03.000270+00:00,기타,썰쇼핑,78800,2026-09-09 07:08:49
54TFAHK-cjg,https://www.youtube.com/watch?v=54TFAHK-cjg,ucgfkcrlj5kbiw01hdol2e6g,K파민,김치찌개 하나 시켰을 뿐인데 혼밥하던 외국인이 눈물 쏟을 뻔한 진짜 이유,318505,14,2026-09-03T13:34:03.000270+00:00,2026-09-14T23:10:03.036703+00:00,2026-09-16T05:10:03.000270+00:00,제품정체형,썰쇼핑,446,2026-09-14 07:04:05
Njagqjqv9bE,https://www.youtube.com/watch?v=Njagqjqv9bE,ucxeyhz8xitvlxhdduxy6zca,리뷰남 ,찢어진 노트를 되살려준다는 일본 문구의 아이디어,311713,41,2026-08-28T04:52:02.367900+00:00,2026-09-04T23:10:02.346310+00:00,2026-09-11T02:10:02.367900+00:00,제품정체형,썰쇼핑,16100,2026-09-09 07:08:49
DoP1WpUE-3A,https://www.youtube.com/watch?v=DoP1WpUE-3A,uc8wcwts4chdpce-nzqpm04a,인생갓템,드디어 밝혀졌다는 소름돋는 템ㄷㄷ,309004,77,2026-08-29T00:40:02.319689+00:00,2026-09-04T23:10:02.346310+00:00,2026-09-11T23:10:02.319689+00:00,기타,썰쇼핑,30700,2026-09-09 07:08:49
ytExsWyc0Lo,https://www.youtube.com/watch?v=ytExsWyc0Lo,ucxfcgk6imynzbexyly8mhiq,코어장바구니,결국 팀킬해버린 팔도 비빔면,301912,41,2026-08-23T07:28:01.374377+00:00,2026-09-04T23:10:02.346310+00:00,2026-09-05T23:10:01.374377+00:00,기타,썰쇼핑,8610,2026-09-09 07:08:49
8f-TY-fKRXk,https://www.youtube.com/watch?v=8f-TY-fKRXk,ucbyo4sbywz2owv1u309owmq,젤다바라,사토리산에 숨겨진 비밀,297746,105,2026-09-05T05:28:03.000270+00:00,2026-09-08T12:30:44.178691+00:00,2026-09-16T05:10:03.000270+00:00,기타,썰쇼핑,78800,2026-09-09 07:08:49
iUbCvM0kEtg,https://www.youtube.com/watch?v=iUbCvM0kEtg,ucjiyb-pm9ltdsk4a4yw7oia,마미마루,어린이가 어른이가 될 때까지 #아기침대,296503,171,2026-09-09T02:34:03.000270+00:00,2026-09-09T04:37:54.503187+00:00,2026-09-16T05:10:03.000270+00:00,기타,썰쇼핑,507,2026-09-09 07:08:49
tjhKrXqsTGI,https://www.youtube.com/watch?v=tjhKrXqsTGI,ucmeifnqi1f99moxyzgcrp2q,발견상자,한국 천재가 특허내 돈방석 앉은 제품,295893,83,2026-09-15T06:22:03.000270+00:00,2026-09-15T23:10:03.157352+00:00,2026-09-16T05:10:03.000270+00:00,제품정체형,썰쇼핑,1080,2026-09-09 07:08:49
ATOA0WI8h8M,https://www.youtube.com/watch?v=ATOA0WI8h8M,uckpphyi5ul6uw-axomcfmia,뽀터언니,제조사도 당황한 프로주부의 활용법,288599,16,2026-09-05T02:28:03.000270+00:00,2026-09-05T04:42:28.257041+00:00,2026-09-16T05:10:03.000270+00:00,오용형,썰쇼핑,1350,2026-09-09 07:08:49
_gsot6TByOg,https://www.youtube.com/watch?v=_gsot6TByOg,ucao4qhqpclzsrbrdsrrfryw,짤컷,다이소에서 아무거나 사면 후회합니다,277930,39,2026-09-08T07:58:03.000270+00:00,2026-09-15T23:10:03.157352+00:00,2026-09-16T05:10:03.000270+00:00,홈템,썰쇼핑,2130000,2026-09-09 02:35:38
fn3qE6tvIbU,https://www.youtube.com/watch?v=fn3qE6tvIbU,uc8wcwts4chdpce-nzqpm04a,인생갓템,이상한 가방만들어 초대박친 혼다,272897,81,2026-09-04T14:16:03.000270+00:00,2026-09-04T23:10:02.346310+00:00,2026-09-16T05:10:03.000270+00:00,제품정체형,썰쇼핑,30700,2026-09-09 07:08:49
2n_RC8s6hRo,https://www.youtube.com/watch?v=2n_RC8s6hRo,ucbyo4sbywz2owv1u309owmq,젤다바라,별의 커비 신작인데 젤다로 착각함(?),262277,181,2026-09-11T10:28:03.000270+00:00,2026-09-11T23:10:02.319689+00:00,2026-09-16T05:10:03.000270+00:00,기타,썰쇼핑,78800,2026-09-09 07:08:49
VDr9P33B1mw,https://www.youtube.com/watch?v=VDr9P33B1mw,ucxeyhz8xitvlxhdduxy6zca,리뷰남 ,세계 커피박람회에서 기립박수 받은 일본 천재의 발명품,261270,118,2026-09-09T04:34:03.000270+00:00,2026-09-09T04:37:54.503187+00:00,2026-09-16T05:10:03.000270+00:00,제품정체형,썰쇼핑,16100,2026-09-09 07:08:49
UyGAhHrhvhg,https://www.youtube.com/watch?v=UyGAhHrhvhg,uckpphyi5ul6uw-axomcfmia,뽀터언니,일본도 예상못한 한국인의 착각,260617,65,2026-09-04T10:28:03.000270+00:00,2026-09-04T23:10:02.346310+00:00,2026-09-16T05:10:03.000270+00:00,제품정체형,썰쇼핑,1350,2026-09-09 07:08:49
e58U8UebarA,https://www.youtube.com/watch?v=e58U8UebarA,ucjcbuxcvr7fojmnvzw3haua,상자쿤,20년 동안 짝퉁도 못 만든 미국의 특허 발명품ㄷㄷㄷ,255372,29,2026-08-30T09:46:02.819135+00:00,2026-09-08T11:10:24.676804+00:00,2026-09-13T05:10:02.819135+00:00,기타,썰쇼핑,5860,2026-09-09 07:08:49
wjxKpO2boIc,https://www.youtube.com/watch?v=wjxKpO2boIc,ucxunuiivb1w3mchfbrzxy-a,도파민모음집,팔이 채찍처럼 휘어지는 야마모토 미친 투구 폼 ㄷㄷ #야구,250767,24,2026-09-09T05:58:03.000270+00:00,2026-09-14T23:10:03.036703+00:00,2026-09-16T05:10:03.000270+00:00,기타,썰쇼핑,78600,2026-09-14 07:04:05
wRnynmZ7fbs,https://www.youtube.com/watch?v=wRnynmZ7fbs,uc5vyr2cff4364oi5l6cwrja,숏핑,의사가 만들어 떼돈 번 제품 정체,238573,29,,2026-09-04T23:10:02.346310+00:00,2026-09-04T23:10:02.346310+00:00,제품정체형,썰쇼핑,39900,2026-09-09 07:08:49
keSq-iDHRfE,https://www.youtube.com/watch?v=keSq-iDHRfE,uclfbmumxshw-8ylwcgp-w3w,Gcar지카,수억 원대 기계가 두꺼운 철골을 두부처럼 써는 마법 😲,238542,6,2026-09-06T06:28:03.000270+00:00,2026-09-06T23:10:01.282766+00:00,2026-09-16T05:10:03.000270+00:00,기타,썰쇼핑,75100,2026-09-09 02:35:38
InWRhs_a0Uc,https://www.youtube.com/watch?v=InWRhs_a0Uc,ucm_du1kofq8nxfvmtm0xx2w,로디홈,뒤집었더니 대박난 이케아 미니 서랍장,235678,13,2026-09-10T16:40:03.000270+00:00,2026-09-11T02:10:02.367900+00:00,2026-09-16T05:10:03.000270+00:00,홈템,썰쇼핑,5990,2026-09-09 07:08:49
g-KyqOT4aTI,https://www.youtube.com/watch?v=g-KyqOT4aTI,ucf_di4heihyo_ghbpg-0yxa,공가미,주차장 보고 만들었다는 일본 천재의 아이디어,235257,13,,2026-09-04T23:10:02.346310+00:00,2026-09-05T04:42:28.257041+00:00,기타,썰쇼핑,8070,2026-09-09 07:08:49
yjEyYZxhuMs,https://www.youtube.com/watch?v=yjEyYZxhuMs,uc_hbvja6hxd4v2y0duybvuq,참좋은 도구들,제조사도 예상못한 천재활용법 #목공연필#문구추천,234855,17,2026-09-09T08:16:03.000270+00:00,2026-09-09T23:10:01.358608+00:00,2026-09-16T05:10:03.000270+00:00,오용형,썰쇼핑,1830,2026-09-09 07:08:49
Y1o5VWbJfeQ,https://www.youtube.com/watch?v=Y1o5VWbJfeQ,ucyqinyt44mk8u06nlz5n2-g,갓성비스토리,코스트코가 개빡쳐버린 이유?,230300,58,2026-09-09T03:16:03.000270+00:00,2026-09-09T04:37:54.503187+00:00,2026-09-16T05:10:03.000270+00:00,기타,썰쇼핑,10300,2026-09-09 07:08:49
IF3uYxoU5EE,https://www.youtube.com/watch?v=IF3uYxoU5EE,uclecy6ihcjwmcbjhiz2-ctg,이븐쇼핑,다이소도 탐내는 한국 천재의 발명품,224762,27,2026-08-23T01:58:01.374377+00:00,2026-09-04T23:10:02.346310+00:00,2026-09-05T23:10:01.374377+00:00,제품정체형,썰쇼핑,28300,2026-09-09 07:08:49
H9VYTOUKsic,https://www.youtube.com/watch?v=H9VYTOUKsic,ucqnbrrb-zbu_7o5ksr27l6g,리치쇼핑,천장을 뚫어버린 천재의 발명품,223383,31,2026-09-04T07:58:03.000270+00:00,2026-09-04T23:10:02.346310+00:00,2026-09-16T05:10:03.000270+00:00,제품정체형,썰쇼핑,3050,2026-09-14 07:04:05
NWHOPlPUfAE,https://www.youtube.com/watch?v=NWHOPlPUfAE,ucipqot8sknih3msbu2b7ahw,트렌드헌터,디지털 시대에 오히려 손글씨를 살려버린 천재적인 아이디어,221231,54,2026-09-08T08:10:03.000270+00:00,2026-09-14T23:10:03.036703+00:00,2026-09-16T05:10:03.000270+00:00,제품정체형,썰쇼핑,1350,2026-09-14 07:04:05
n0C9OtvEQNc,https://www.youtube.com/watch?v=n0C9OtvEQNc,ucxirsjqetzz4ml6lc-uu5tq,이런호기심,길가다 주운 감자돌(?)을 반으로 갈라보았습니다 💎,220667,29,2026-09-03T22:58:03.036703+00:00,2026-09-14T23:10:03.036703+00:00,2026-09-14T23:10:03.036703+00:00,레시피,썰쇼핑,14400,2026-09-14 07:04:05
8_VE-S-eLU4,https://www.youtube.com/watch?v=8_VE-S-eLU4,ucbyo4sbywz2owv1u309owmq,젤다바라,사과 100개 vs 요정 4개,217956,85,2026-09-02T10:16:03.000270+00:00,2026-09-08T12:30:44.178691+00:00,2026-09-16T05:10:03.000270+00:00,기타,썰쇼핑,78800,2026-09-09 07:08:49
WEvmzB79TD8,https://www.youtube.com/watch?v=WEvmzB79TD8,ucxunuiivb1w3mchfbrzxy-a,도파민모음집,14살이라고는 절대 안 믿기는 도미니카 유망주 피지컬 수준 ㄷㄷ #야구,217548,346,2026-09-03T08:04:03.000270+00:00,2026-09-14T23:10:03.036703+00:00,2026-09-16T05:10:03.000270+00:00,기타,썰쇼핑,78600,2026-09-14 07:04:05
ZfZwlP_4vvI,https://www.youtube.com/watch?v=ZfZwlP_4vvI,ucipqot8sknih3msbu2b7ahw,트렌드헌터,인테리어 업자들도 기립박수 친 천재적인 아이디,212719,11,2026-09-02T09:58:03.000270+00:00,2026-09-14T23:10:03.036703+00:00,2026-09-16T05:10:03.000270+00:00,제품정체형,썰쇼핑,1350,2026-09-14 07:04:05
kuGa_3PqiCc,https://www.youtube.com/watch?v=kuGa_3PqiCc,ucgttnudyop52of_zrxv--aw,리빙픽템,코스트코 고기 살때 필수 준비물 #코스트코추천템 #코스트코고기 #고기손질 #주방꿀템 #살림템,209181,22,2026-09-04T09:04:03.000270+00:00,2026-09-04T23:10:02.346310+00:00,2026-09-16T05:10:03.000270+00:00,제품정체형,썰쇼핑,6760,2026-09-09 07:08:49
oNFqdunqOgM,https://www.youtube.com/watch?v=oNFqdunqOgM,uc7-zana-q91i52ma1ufhghg,달래샵,포스트잇 회사가 오열해버린 풀의 정체 😱,208099,8,2026-08-29T10:58:02.660921+00:00,2026-09-04T23:10:02.346310+00:00,2026-09-12T05:10:02.660921+00:00,제품정체형,썰쇼핑,6910,2026-09-09 07:08:49
MRJvZTZFo44,https://www.youtube.com/watch?v=MRJvZTZFo44,uc-qj4zhvdxc0f-m8quxl-fw,귤템,구조 하나로 떼돈번 한국 천재 발명품ㄷㄷ,206030,40,2026-08-28T08:40:02.666924+00:00,2026-09-05T23:10:01.374377+00:00,2026-09-11T05:10:02.666924+00:00,제품정체형,썰쇼핑,4880,2026-09-09 07:08:49
cwh_MSsBauI,https://www.youtube.com/watch?v=cwh_MSsBauI,uctmchwo4yehl0exsqp_apog,생활꿀템추천샵,다이소 가면 이건 무조건 담으세요🔥 수납 고수들의 숨겨진 활용법,203910,27,2026-08-31T09:58:02.569334+00:00,2026-09-04T23:10:02.346310+00:00,2026-09-14T05:10:02.569334+00:00,제품정체형,썰쇼핑,6830,2026-09-09 07:08:49
xE2-QOuN9Hk,https://www.youtube.com/watch?v=xE2-QOuN9Hk,ucbyo4sbywz2owv1u309owmq,젤다바라,젤다 에디션 구걸하는 젤다 유튜버,201875,117,2026-09-14T07:40:03.000270+00:00,2026-09-14T23:10:03.036703+00:00,2026-09-16T05:10:03.000270+00:00,기타,썰쇼핑,78800,2026-09-09 07:08:49
GqV__fVDMkk,https://www.youtube.com/watch?v=GqV__fVDMkk,ucl12scb2y7j-kx0_ghaf-xq,썰풀다,​100% 녹아서 흔적도 없이 사라지는 미친 샴푸통 등장#소프보틀 #친환경아이템 #제로웨이스트,199129,15,2026-08-26T09:06:44.178691+00:00,2026-09-04T23:10:02.346310+00:00,2026-09-08T12:30:44.178691+00:00,기타,썰쇼핑,0,2026-08-19 05:56:25
XDV8eSDoyT8,https://www.youtube.com/watch?v=XDV8eSDoyT8,ucbyo4sbywz2owv1u309owmq,젤다바라,야숨 맵에 숨겨진 교토의 비밀,197914,44,2026-08-31T09:58:02.569334+00:00,2026-09-08T12:30:44.178691+00:00,2026-09-14T05:10:02.569334+00:00,기타,썰쇼핑,78800,2026-09-09 07:08:49
i--NV-tsReI,https://www.youtube.com/watch?v=i--NV-tsReI,ucrbvn94qfocjbtkhepz7heg,전설의레전드,음대 출신 싹 발라버린다는역대급 미친 악기,197243,3,2026-09-04T02:04:03.000270+00:00,2026-09-08T11:10:24.676804+00:00,2026-09-16T05:10:03.000270+00:00,제품정체형,썰쇼핑,10900,2026-09-09 07:08:49
qY66zXRaVk8,https://www.youtube.com/watch?v=qY66zXRaVk8,ucbyo4sbywz2owv1u309owmq,젤다바라,스위치2 에디션 젤다 무쌍 출시,194381,73,2026-09-10T23:10:03.000270+00:00,2026-09-11T02:10:02.367900+00:00,2026-09-16T05:10:03.000270+00:00,기타,썰쇼핑,78800,2026-09-09 07:08:49
foIqwExxi-w,https://www.youtube.com/watch?v=foIqwExxi-w,ucbyo4sbywz2owv1u309owmq,젤다바라,둘 중 더 쉬운 것은?,193411,90,2026-08-27T10:34:02.680133+00:00,2026-09-08T12:30:44.178691+00:00,2026-09-10T08:10:02.680133+00:00,기타,썰쇼핑,78800,2026-09-09 07:08:49
42_WRs-qbng,https://www.youtube.com/watch?v=42_WRs-qbng,ucmbeuonh4nls9qryeeue_gg,쓸모있어,다이소 Best 제품😃😃,193163,19,2026-09-08T09:58:03.000270+00:00,2026-09-08T11:10:24.676804+00:00,2026-09-16T05:10:03.000270+00:00,홈템,썰쇼핑,1240,2026-09-09 07:08:49
lL6SjxinmaA,https://www.youtube.com/watch?v=lL6SjxinmaA,uc-qj4zhvdxc0f-m8quxl-fw,귤템,구멍 하나로 떼돈 버는 한국 천재,189682,10,2026-09-10T10:28:03.000270+00:00,2026-09-11T02:10:02.367900+00:00,2026-09-16T05:10:03.000270+00:00,제품정체형,썰쇼핑,4880,2026-09-09 07:08:49
DegGDcqnFd8,https://www.youtube.com/watch?v=DegGDcqnFd8,ucm_du1kofq8nxfvmtm0xx2w,로디홈,이케아 디자이너도 감탄한 아이디어,186033,5,2026-08-27T04:40:01.358608+00:00,2026-09-04T23:10:02.346310+00:00,2026-09-09T23:10:01.358608+00:00,오용형,썰쇼핑,5990,2026-09-09 07:08:49
utJTXTMkmLQ,https://www.youtube.com/watch?v=utJTXTMkmLQ,ucxeyhz8xitvlxhdduxy6zca,리뷰남 ,2026년 최고의 혁신상 받아버린 HP의 미친 아이디어,185197,163,2026-09-02T03:16:03.157352+00:00,2026-09-04T23:10:02.346310+00:00,2026-09-15T23:10:03.157352+00:00,제품정체형,썰쇼핑,16100,2026-09-09 07:08:49
Nlu8a-kjCiw,https://www.youtube.com/watch?v=Nlu8a-kjCiw,ucssx2crprqprm_uaedxg7ua,꿀팁꿀템,제조사도 깜짝 놀란 한국주부의 미친 활용법#덮으면 완성되는 갓성비 인테리어#감성 카페로 변신#유해물질 제로,184183,15,2026-08-29T03:16:02.319689+00:00,2026-09-04T23:10:02.346310+00:00,2026-09-11T23:10:02.319689+00:00,오용형,썰쇼핑,53800,2026-09-09 07:08:49
Dz4WtwWRPKk,https://www.youtube.com/watch?v=Dz4WtwWRPKk,ucbfu04us6bv9ofcwrjdxdmg,살림킹왕짱,제조사도 감탄한 뜻밖의 활용법 #무타공도어,174153,7,2026-09-05T00:58:03.000270+00:00,2026-09-05T04:42:28.257041+00:00,2026-09-16T05:10:03.000270+00:00,오용형,썰쇼핑,14600,2026-09-09 07:08:49
gWmURSPyzuk,https://www.youtube.com/watch?v=gWmURSPyzuk,uc9xfth7mqhbdlju9qzpxiha,쿨냥냥,세븐틴이 한꺼번에 입대 하지 않고 흩어져 가는 이유,171265,42,2026-09-13T04:52:03.000270+00:00,2026-09-13T05:10:02.819135+00:00,2026-09-16T05:10:03.000270+00:00,기타,썰쇼핑,5630,2026-09-09 07:08:49
mlaiX-U7Wgk,https://www.youtube.com/watch?v=mlaiX-U7Wgk,ucl12scb2y7j-kx0_ghaf-xq,썰풀다,이비인후과 갔다가 빡친 개발자가 직접 만든 미친 귀이개#스마트귀이개 #카메라귀이개 #귀청소,169126,4,2026-08-23T12:22:01.374377+00:00,2026-09-04T23:10:02.346310+00:00,2026-09-05T23:10:01.374377+00:00,제품정체형,썰쇼핑,0,2026-08-19 05:56:25
mjuFGueNs0U,https://www.youtube.com/watch?v=mjuFGueNs0U,ucxirsjqetzz4ml6lc-uu5tq,이런호기심,바퀴가 빨라지면 알아서 기어가 올라간다고? 시대를 앞서간 자전거 기술,166059,35,2026-09-06T21:58:03.000270+00:00,2026-09-14T23:10:03.036703+00:00,2026-09-16T05:10:03.000270+00:00,기타,썰쇼핑,14400,2026-09-14 07:04:05
ekpY54gUb1A,https://www.youtube.com/watch?v=ekpY54gUb1A,ucjbxdaaibb0uk1zdepjja6w,쇼핑천재,결국 싹 까발렸다는 한국 소비자원?,165607,31,2026-09-05T02:28:03.000270+00:00,2026-09-05T04:42:28.257041+00:00,2026-09-16T05:10:03.000270+00:00,제품정체형,썰쇼핑,40600,2026-09-09 07:08:49
znvOi8bMB9s,https://www.youtube.com/watch?v=znvOi8bMB9s,ucf_di4heihyo_ghbpg-0yxa,공가미,잠자는 꽃 보고 만들었다는 네덜란드 천재의 아이디어,164528,60,2026-08-24T10:46:01.282766+00:00,2026-09-04T23:10:02.346310+00:00,2026-09-06T23:10:01.282766+00:00,기타,썰쇼핑,8070,2026-09-09 07:08:49
cdDSUUOGkJ8,https://www.youtube.com/watch?v=cdDSUUOGkJ8,ucmerd4mbsquuixhfb8rtjla,정리왕,이불 꺼낼때마다 무너지는거 스트레스인 사람 #정리왕,164376,5,2026-09-07T07:58:03.000270+00:00,2026-09-09T23:10:01.358608+00:00,2026-09-16T05:10:03.000270+00:00,홈템,썰쇼핑,421000,2026-09-09 07:08:49
gAGfMdzXeU0,https://www.youtube.com/watch?v=gAGfMdzXeU0,uc_hbvja6hxd4v2y0duybvuq,참좋은 도구들,전세계가 속아버린 유니볼원?  #유니볼원피카 #일본문구,163606,17,2026-09-12T08:16:03.000270+00:00,2026-09-12T23:10:03.131380+00:00,2026-09-16T05:10:03.000270+00:00,제품정체형,썰쇼핑,1830,2026-09-09 07:08:49
hWnbcmkWTjw,https://www.youtube.com/watch?v=hWnbcmkWTjw,ucxfcgk6imynzbexyly8mhiq,코어장바구니,대놓고 까발려진 스리라차의 비밀,162118,25,2026-09-07T14:58:03.000270+00:00,2026-09-07T23:10:02.851021+00:00,2026-09-16T05:10:03.000270+00:00,제품정체형,썰쇼핑,8610,2026-09-09 07:08:49
iZ-TprLYezA,https://www.youtube.com/watch?v=iZ-TprLYezA,ucl12scb2y7j-kx0_ghaf-xq,썰풀다,따로 보면 두 개인데 하나가 되고… 1위는 빛을 비추면 고백까지 합니다#반지추천 #커플링 #커플선물 #주얼리추천,162071,5,2026-09-09T11:58:03.000270+00:00,2026-09-09T23:10:01.358608+00:00,2026-09-16T05:10:03.000270+00:00,제품정체형,썰쇼핑,0,2026-08-19 05:56:25
h0yOjENtyBI,https://www.youtube.com/watch?v=h0yOjENtyBI,uc-qj4zhvdxc0f-m8quxl-fw,귤템,이케아에 절대 없는 한국 천재 발명품,161885,30,2026-09-04T11:10:03.000270+00:00,2026-09-08T11:10:24.676804+00:00,2026-09-16T05:10:03.000270+00:00,제품정체형,썰쇼핑,4880,2026-09-09 07:08:49
4RKsl0caOFw,https://www.youtube.com/watch?v=4RKsl0caOFw,ucl12scb2y7j-kx0_ghaf-xq,썰풀다,후드 끈을 대놓고 씹으라고 만든 미친 신상의 정체#피젯후드티 #말랑이후드티 #ADHD꿀템,154588,23,2026-08-27T12:16:01.358608+00:00,2026-09-04T23:10:02.346310+00:00,2026-09-09T23:10:01.358608+00:00,제품정체형,썰쇼핑,0,2026-08-19 05:56:25
2ScDpRPB_vI,https://www.youtube.com/watch?v=2ScDpRPB_vI,uc8wcwts4chdpce-nzqpm04a,인생갓템,이상한 기능넣어 대박친 카시오,154466,37,2026-09-07T09:04:03.000270+00:00,2026-09-07T23:10:02.851021+00:00,2026-09-16T05:10:03.000270+00:00,제품정체형,썰쇼핑,30700,2026-09-09 07:08:49
zecA6Nxuw00,https://www.youtube.com/watch?v=zecA6Nxuw00,uc8wcwts4chdpce-nzqpm04a,인생갓템,해외를 넘어 한국주부까지 점령한 제품,154309,22,2026-08-29T08:34:02.660921+00:00,2026-09-04T23:10:02.346310+00:00,2026-09-12T05:10:02.660921+00:00,기타,썰쇼핑,30700,2026-09-09 07:08:49
WJsxhwlbgNA,https://www.youtube.com/watch?v=WJsxhwlbgNA,uclecy6ihcjwmcbjhiz2-ctg,이븐쇼핑,발상의 전환으로 떼돈 번 한국 천재의 발명품,154027,33,2026-09-04T09:34:03.000270+00:00,2026-09-04T23:10:02.346310+00:00,2026-09-16T05:10:03.000270+00:00,제품정체형,썰쇼핑,28300,2026-09-09 07:08:49
C86sJ2XbJ8Q,https://www.youtube.com/watch?v=C86sJ2XbJ8Q,ucsbp41obff8fsjgcvxut6ga,또왔소,선수 멘탈 걱정된다는 역대급 반전 결과 #스포츠 #미식축구 #참교육,151773,13,2026-09-06T03:46:03.000270+00:00,2026-09-06T23:10:01.282766+00:00,2026-09-16T05:10:03.000270+00:00,제품정체형,썰쇼핑,10700,2026-09-09 07:08:49
UP_4feRwSvo,https://www.youtube.com/watch?v=UP_4feRwSvo,ucbyo4sbywz2owv1u309owmq,젤다바라,부메랑에 불 붙이는 고인물,150261,55,2026-09-06T09:52:03.000270+00:00,2026-09-08T12:30:44.178691+00:00,2026-09-16T05:10:03.000270+00:00,기타,썰쇼핑,78800,2026-09-09 07:08:49
tlGu4zkHvJI,https://www.youtube.com/watch?v=tlGu4zkHvJI,uckpphyi5ul6uw-axomcfmia,뽀터언니,죽은고기도 살린다는양념의 정체,148800,26,2026-09-07T09:58:03.000270+00:00,2026-09-07T23:10:02.851021+00:00,2026-09-16T05:10:03.000270+00:00,제품정체형,썰쇼핑,1350,2026-09-09 07:08:49
O_mQ5LrwUmY,https://www.youtube.com/watch?v=O_mQ5LrwUmY,uc0do9ivmcduowrrnlcg94hw,꿀템줍줍,다이소 네트망으로 싱크대 하부장 정리했더니 수납공간이 2배✨(0302번),146383,15,2026-08-26T09:58:02.542305+00:00,2026-09-04T23:10:02.346310+00:00,2026-09-09T05:10:02.542305+00:00,홈템,썰쇼핑,44400,2026-09-09 02:35:38
BBfaJenhrJc,https://www.youtube.com/watch?v=BBfaJenhrJc,ucwmaogosqen98l7nc_4xyga,썰핑,리트리버가 주인보다 똑똑하면 벌어지는 일,144700,34,2026-09-01T09:52:02.238212+00:00,2026-09-14T23:10:03.036703+00:00,2026-09-15T05:10:02.238212+00:00,기타,썰쇼핑,15600,2026-09-14 07:04:05
L137G5zjzLM,https://www.youtube.com/watch?v=L137G5zjzLM,ucbyo4sbywz2owv1u309owmq,젤다바라,다시 돌아온 왼손잡이 링크,138948,51,2026-09-13T01:58:03.000270+00:00,2026-09-13T05:10:02.819135+00:00,2026-09-16T05:10:03.000270+00:00,기타,썰쇼핑,78800,2026-09-09 07:08:49
5GvbdPlEL7U,https://www.youtube.com/watch?v=5GvbdPlEL7U,ucyqinyt44mk8u06nlz5n2-g,갓성비스토리,이상한 곳에서 떡상한 유동골뱅이?,137773,26,2026-08-29T07:04:02.660921+00:00,2026-09-08T12:30:44.178691+00:00,2026-09-12T05:10:02.660921+00:00,기타,썰쇼핑,10300,2026-09-09 07:08:49
wICULff9ojA,https://www.youtube.com/watch?v=wICULff9ojA,ucsbp41obff8fsjgcvxut6ga,또왔소,탑승객이 남자를 보고 놀란 이유,134476,1,2026-08-30T05:40:02.819135+00:00,2026-09-04T23:10:02.346310+00:00,2026-09-13T05:10:02.819135+00:00,기타,썰쇼핑,10700,2026-09-09 07:08:49
AFjRN9EyPz8,https://www.youtube.com/watch?v=AFjRN9EyPz8,ucqccuxzpl3snkehlhbti2hg,갓성비추천템,현장에 개빡친 고인물이 만든 미친제품,133814,65,2026-08-26T03:42:44.178691+00:00,2026-09-08T11:10:24.676804+00:00,2026-09-08T12:30:44.178691+00:00,기타,썰쇼핑,29800,2026-09-09 07:08:49
ObQ0FAjAgVo,https://www.youtube.com/watch?v=ObQ0FAjAgVo,uctd1t12z1qtvalhdd728tsg,우디홈템,50만 원 스텐 선반? 저는 10만 원대로 끝냈어요,126322,3,2026-08-24T22:58:01.282766+00:00,2026-09-04T23:10:02.346310+00:00,2026-09-06T23:10:01.282766+00:00,기타,썰쇼핑,3700,2026-09-09 07:08:49
ZFtMiObrQ3Y,https://www.youtube.com/watch?v=ZFtMiObrQ3Y,uc-qj4zhvdxc0f-m8quxl-fw,귤템,다이소에 없는 한국 천재 발명품,125764,20,2026-09-02T07:46:03.000270+00:00,2026-09-08T11:10:24.676804+00:00,2026-09-16T05:10:03.000270+00:00,제품정체형,썰쇼핑,4880,2026-09-09 07:08:49
SbQuM9296ko,https://www.youtube.com/watch?v=SbQuM9296ko,uc5vyr2cff4364oi5l6cwrja,숏핑,캠핑 천재가 만들어 떼돈 번 제품 정체,122963,13,2026-08-23T02:40:01.374377+00:00,2026-09-04T23:10:02.346310+00:00,2026-09-05T23:10:01.374377+00:00,제품정체형,썰쇼핑,39900,2026-09-09 07:08:49
J8WDDJeZXJ0,https://www.youtube.com/watch?v=J8WDDJeZXJ0,uc9cpf1vjxwkndwy1jvvdzvw,쇼핑남자,마케팅 천재가 만든 발명품,120513,46,2026-09-05T04:58:03.000270+00:00,2026-09-05T23:10:01.374377+00:00,2026-09-16T05:10:03.000270+00:00,제품정체형,썰쇼핑,6370,2026-09-09 07:08:49
tNK7_Fto3J0,https://www.youtube.com/watch?v=tNK7_Fto3J0,ucssx2crprqprm_uaedxg7ua,꿀팁꿀템,한국 천재가 만들어 떼돈 번 제품의 정체#사생활 보호#자외선 차단#저층 필수,120467,6,2026-09-03T15:46:03.000270+00:00,2026-09-04T23:10:02.346310+00:00,2026-09-16T05:10:03.000270+00:00,제품정체형,썰쇼핑,53800,2026-09-09 07:08:49
SOP5SJW9vMw,https://www.youtube.com/watch?v=SOP5SJW9vMw,ucao4qhqpclzsrbrdsrrfryw,짤컷,대한민국 천재들의 젓가락 활용법ㄷㄷ,119813,58,2026-09-11T07:58:03.000270+00:00,2026-09-15T23:10:03.157352+00:00,2026-09-16T05:10:03.000270+00:00,제품정체형,썰쇼핑,2130000,2026-09-09 02:35:38
nbCk898C8Kc,https://www.youtube.com/watch?v=nbCk898C8Kc,ucxunuiivb1w3mchfbrzxy-a,도파민모음집,마운드 위에서 뿜어져 나오는 야마모토 압도적 구위와 소리 ㄷㄷ #야구,119481,9,2026-09-10T13:10:03.000270+00:00,2026-09-14T23:10:03.036703+00:00,2026-09-16T05:10:03.000270+00:00,기타,썰쇼핑,78600,2026-09-14 07:04:05
IuAuliFx9Bg,https://www.youtube.com/watch?v=IuAuliFx9Bg,uc5rvoexd7qdesakzghws1mq,드라마짠,해라가 처음으로 자신의 출생을 의심했다 #욕망의덫 #드라마 #드라마추천 #드라마리뷰 #막장드라마 #가족드라마 #일일드라마,117308,5,2026-09-09T12:10:03.000270+00:00,2026-09-09T23:10:01.358608+00:00,2026-09-16T05:10:03.000270+00:00,기타,썰쇼핑,4340,2026-09-09 07:08:49
P5S9Q9aWO0c,https://www.youtube.com/watch?v=P5S9Q9aWO0c,uclecy6ihcjwmcbjhiz2-ctg,이븐쇼핑,14억개 팔아 떼돈번 미국 천재의 발명품,115959,26,2026-09-11T14:16:03.000270+00:00,2026-09-11T23:10:02.319689+00:00,2026-09-16T05:10:03.000270+00:00,제품정체형,썰쇼핑,28300,2026-09-09 07:08:49
b-WyuFzmQmU,https://www.youtube.com/watch?v=b-WyuFzmQmU,ucbfu04us6bv9ofcwrjdxdmg,살림킹왕짱,개발자도 몰래 따라한 활용법 #다용도접착제,112610,1,2026-09-13T00:46:03.000270+00:00,2026-09-13T05:10:02.819135+00:00,2026-09-16T05:10:03.000270+00:00,오용형,썰쇼핑,14600,2026-09-09 07:08:49
N4gs63fVUXU,https://www.youtube.com/watch?v=N4gs63fVUXU,ucbyo4sbywz2owv1u309owmq,젤다바라,소년 링크의 귀여운 장면 비교 [Young Link’s Cutest Moments Compared],110863,119,2026-09-09T08:46:03.000270+00:00,2026-09-09T23:10:01.358608+00:00,2026-09-16T05:10:03.000270+00:00,기타,썰쇼핑,78800,2026-09-09 07:08:49
w-Ygny1f8O8,https://www.youtube.com/watch?v=w-Ygny1f8O8,ucl12scb2y7j-kx0_ghaf-xq,썰풀다,전기 없던 시절 음악 저장하는 방법 ㄷㄷ#축음기 #원통축음기 #에디슨 #레트로감성 #신기한물건,107247,58,2026-09-13T04:16:03.000270+00:00,2026-09-13T05:10:02.819135+00:00,2026-09-16T05:10:03.000270+00:00,기타,썰쇼핑,0,2026-08-19 05:56:25
fnZNougO6NQ,https://www.youtube.com/watch?v=fnZNougO6NQ,ucl12scb2y7j-kx0_ghaf-xq,썰풀다,설거지 간단  미친 가성비 아침 샌드위치 메이커 ㄷㄷ​#샌드위치메이커 #자취생꿀템 #맥모닝만들기 #주방꿀템 #가성비아이템,105485,24,2026-09-10T02:34:03.000270+00:00,2026-09-10T08:10:02.680133+00:00,2026-09-16T05:10:03.000270+00:00,홈템,썰쇼핑,0,2026-08-19 05:56:25
fo5rxmQuOdw,https://www.youtube.com/watch?v=fo5rxmQuOdw,ucqccuxzpl3snkehlhbti2hg,갓성비추천템,기막힌 원리로 SNS수천만뷰 찍은 제품,104689,9,2026-08-28T03:34:02.367900+00:00,2026-09-08T11:10:24.676804+00:00,2026-09-11T02:10:02.367900+00:00,기타,썰쇼핑,29800,2026-09-09 07:08:49
VGowF9gARbk,https://www.youtube.com/watch?v=VGowF9gARbk,ucm_du1kofq8nxfvmtm0xx2w,로디홈,가렸더니 대박난 이케아 파티션,104342,3,2026-09-05T16:10:03.000270+00:00,2026-09-05T23:10:01.374377+00:00,2026-09-16T05:10:03.000270+00:00,홈템,썰쇼핑,5990,2026-09-09 07:08:49
CweSUiX378c,https://www.youtube.com/watch?v=CweSUiX378c,uct8wkoq7yyq2mgzqqf8_-hw,쇼핑 치트키,코스트코 본사도 감탄한 한국 천재 활용법,101655,4,2026-09-12T10:22:03.000270+00:00,2026-09-12T23:10:03.131380+00:00,2026-09-16T05:10:03.000270+00:00,제품정체형,썰쇼핑,4700,2026-09-09 07:08:49
l0-ENPsbhyE,https://www.youtube.com/watch?v=l0-ENPsbhyE,ucqccuxzpl3snkehlhbti2hg,갓성비추천템,상식을 해킹해 돈방석 앉게만든 제품,99306,33,2026-09-05T13:16:03.000270+00:00,2026-09-08T11:10:24.676804+00:00,2026-09-16T05:10:03.000270+00:00,제품정체형,썰쇼핑,29800,2026-09-09 07:08:49
y1K2Bs6ZU3A,https://www.youtube.com/watch?v=y1K2Bs6ZU3A,ucbyo4sbywz2owv1u309owmq,젤다바라,정직한 제목,98019,40,2026-08-29T09:58:02.660921+00:00,2026-09-08T12:30:44.178691+00:00,2026-09-12T05:10:02.660921+00:00,기타,썰쇼핑,78800,2026-09-09 07:08:49
L2sd-zBOrG0,https://www.youtube.com/watch?v=L2sd-zBOrG0,ucbyo4sbywz2owv1u309owmq,젤다바라,리듬 천국 (패링 ver.),97095,40,2026-09-10T07:58:03.000270+00:00,2026-09-10T08:10:02.680133+00:00,2026-09-16T05:10:03.000270+00:00,기타,썰쇼핑,78800,2026-09-09 07:08:49
kxJn_3LVing,https://www.youtube.com/watch?v=kxJn_3LVing,uc4iyryt1y1d5_cdjaocsk6q,설렘픽,"다이소 네트망, 이렇게 쓰면 본전 200%",96980,2,2026-09-03T04:22:03.000270+00:00,2026-09-04T23:10:02.346310+00:00,2026-09-16T05:10:03.000270+00:00,홈템,썰쇼핑,2580,2026-09-09 07:08:49
BoNFu3XlKrc,https://www.youtube.com/watch?v=BoNFu3XlKrc,uc9cpf1vjxwkndwy1jvvdzvw,쇼핑남자,다이소도 당황한 천재의 발명품,96865,10,2026-08-31T10:58:02.569334+00:00,2026-09-04T23:10:02.346310+00:00,2026-09-14T05:10:02.569334+00:00,제품정체형,썰쇼핑,6370,2026-09-09 07:08:49
j98_BD6xSxU,https://www.youtube.com/watch?v=j98_BD6xSxU,ucmbeuonh4nls9qryeeue_gg,쓸모있어,다이소에서 꼭 사야하는 BEST 🤩😍,96533,25,2026-09-12T09:58:03.000270+00:00,2026-09-12T23:10:03.131380+00:00,2026-09-16T05:10:03.000270+00:00,홈템,썰쇼핑,1240,2026-09-09 07:08:49
g1R-XQUzdQ4,https://www.youtube.com/watch?v=g1R-XQUzdQ4,ucbyo4sbywz2owv1u309owmq,젤다바라,일본 독점 출시라는 젤다 에디션(?),94005,138,2026-09-15T09:52:03.000270+00:00,2026-09-15T23:10:03.157352+00:00,2026-09-16T05:10:03.000270+00:00,기타,썰쇼핑,78800,2026-09-09 07:08:49
Y267IegPvsI,https://www.youtube.com/watch?v=Y267IegPvsI,ucqccuxzpl3snkehlhbti2hg,갓성비추천템,제조사도 감탄한 천재 활용법ㄷㄷ,93393,3,2026-08-29T07:10:02.660921+00:00,2026-09-08T11:10:24.676804+00:00,2026-09-12T05:10:02.660921+00:00,오용형,썰쇼핑,29800,2026-09-09 07:08:49
TnKQZzF9WLA,https://www.youtube.com/watch?v=TnKQZzF9WLA,ucbyo4sbywz2owv1u309owmq,젤다바라,피했다 야르,87297,21,2026-09-01T09:58:02.238212+00:00,2026-09-08T12:30:44.178691+00:00,2026-09-15T05:10:02.238212+00:00,기타,썰쇼핑,78800,2026-09-09 07:08:49
vgVE1aPhG4s,https://www.youtube.com/watch?v=vgVE1aPhG4s,ucao4qhqpclzsrbrdsrrfryw,짤컷,한국인 99%가 몰라서 손해 보는 KTX 꿀팁,86392,46,2026-09-15T08:28:03.000270+00:00,2026-09-15T23:10:03.157352+00:00,2026-09-16T05:10:03.000270+00:00,기타,썰쇼핑,2130000,2026-09-09 02:35:38
SmsZFNsIrIw,https://www.youtube.com/watch?v=SmsZFNsIrIw,ucssx2crprqprm_uaedxg7ua,꿀팁꿀템,한 달 최소 2 천원?! 천장에 올려 떼돈 번 한국 천재 발명품#LED라 뜨거워 지지 않아#냉난방비 절약,86275,8,2026-08-24T13:58:01.282766+00:00,2026-09-04T23:10:02.346310+00:00,2026-09-06T23:10:01.282766+00:00,제품정체형,썰쇼핑,53800,2026-09-09 07:08:49
dpCpMQ9yIzw,https://www.youtube.com/watch?v=dpCpMQ9yIzw,uc0do9ivmcduowrrnlcg94hw,꿀템줍줍,다이소꿀템 미친 활용법🔥 자석 우산꽂이 이렇게 쓰세요(0308번),84474,6,2026-09-05T00:58:03.000270+00:00,2026-09-05T04:42:28.257041+00:00,2026-09-16T05:10:03.000270+00:00,오용형,썰쇼핑,44400,2026-09-09 02:35:38
QFfGrLF6SqU,https://www.youtube.com/watch?v=QFfGrLF6SqU,uchf6vudwbonfotjr4oox3qw,생활용품 연구소,역대급 다이소 가성비 꿀템,84185,1,2026-09-09T08:58:03.000270+00:00,2026-09-09T23:10:01.358608+00:00,2026-09-16T05:10:03.000270+00:00,홈템,썰쇼핑,20700,2026-08-19 05:56:25
yRhz8kNQ7KE,https://www.youtube.com/watch?v=yRhz8kNQ7KE,uctx_l77r2yqat1rszs8fwea,살림체크,일본 천재가 개발해 대박 난 제품의 정체,83085,1,2026-09-06T14:40:03.000270+00:00,2026-09-14T23:10:03.036703+00:00,2026-09-16T05:10:03.000270+00:00,제품정체형,썰쇼핑,10600,2026-09-14 07:04:05
ugGF6sVFp-w,https://www.youtube.com/watch?v=ugGF6sVFp-w,ucbyo4sbywz2owv1u309owmq,젤다바라,말 훔치는 NPC (진짜임),82682,22,2026-09-04T08:22:03.000270+00:00,2026-09-08T12:30:44.178691+00:00,2026-09-16T05:10:03.000270+00:00,기타,썰쇼핑,78800,2026-09-09 07:08:49
L6FWAKTduow,https://www.youtube.com/watch?v=L6FWAKTduow,ucxteg2lrkvxn8b7umce7qoq,딸기라떼,돈방석 앉은 미국 천재의 신박한 아이디어 제품ㄷㄷ 마트 계산대 필수품! 1초 대용량 펼쳐지는 조르개 장바구니 가방 🛍️#휴대용장바구니가방 #접이식장바구니 #대용량장바구니 #살림꿀팁,82469,14,2026-09-05T07:28:03.000270+00:00,2026-09-05T23:10:01.374377+00:00,2026-09-16T05:10:03.000270+00:00,제품정체형,썰쇼핑,5130,2026-09-09 07:08:49
UZwbZHxaIm4,https://www.youtube.com/watch?v=UZwbZHxaIm4,ucxunuiivb1w3mchfbrzxy-a,도파민모음집,포수 미트 찢어질 듯한 야마모토 강속구 소리 ㄷㄷ #야구,82022,4,2026-09-08T11:22:03.000270+00:00,2026-09-14T23:10:03.036703+00:00,2026-09-16T05:10:03.000270+00:00,기타,썰쇼핑,78600,2026-09-14 07:04:05
AHawxxxOEMU,https://www.youtube.com/watch?v=AHawxxxOEMU,ucgfkcrlj5kbiw01hdol2e6g,K파민,아직도 이런 곳이 있다고? 외국인도 깜짝 놀란 식당,80539,17,2026-09-09T12:58:03.000270+00:00,2026-09-14T23:10:03.036703+00:00,2026-09-16T05:10:03.000270+00:00,제품정체형,썰쇼핑,446,2026-09-14 07:04:05
B_s7f1-3dV4,https://www.youtube.com/watch?v=B_s7f1-3dV4,ucdzguqgjnb3fd6jgxvn-obq,오리핫템,🔥 평생 쓴다는 해외 논란템! 무한 라이터 후기,80356,8,2026-08-28T10:34:02.666924+00:00,2026-09-08T11:10:24.676804+00:00,2026-09-11T05:10:02.666924+00:00,기타,썰쇼핑,19900,2026-09-09 07:08:49
dGLtc8Uzh-0,https://www.youtube.com/watch?v=dGLtc8Uzh-0,uco9-zofurha9d1wwatfgzkg,땡스템,이케아 직원도 예상 못한 미친 꼼수 #이케아꿀템 #이케아행주 #행주추천 #주방인테리어 #집꾸미기,79253,3,2026-09-09T09:58:03.000270+00:00,2026-09-09T23:10:01.358608+00:00,2026-09-16T05:10:03.000270+00:00,홈템,썰쇼핑,4210,2026-09-09 07:08:49
DlfCyIYKMpw,https://www.youtube.com/watch?v=DlfCyIYKMpw,ucvq26myeojatrmce0pm0qsq,먹킷리스트,심지어 공식 발표까지 났습니다. 즉석밥 용기 당장 빼세요! 살림 고수 99%도 몰랐던 재활용 분리수거 꿀팁입니다.,78696,27,2026-08-28T09:58:02.666924+00:00,2026-09-05T23:10:01.374377+00:00,2026-09-11T05:10:02.666924+00:00,오용형,썰쇼핑,89600,2026-09-09 07:08:49
XqpRuyrh7mU,https://www.youtube.com/watch?v=XqpRuyrh7mU,ucxunuiivb1w3mchfbrzxy-a,도파민모음집,야마모토 투구폼으로 던져본 포심 vs 커브 궤적 차이 ㄷㄷ #야구,78624,6,2026-09-14T04:58:03.000270+00:00,2026-09-14T23:10:03.036703+00:00,2026-09-16T05:10:03.000270+00:00,기타,썰쇼핑,78600,2026-09-14 07:04:05
0lt_S-ADC9E,https://www.youtube.com/watch?v=0lt_S-ADC9E,uc8xd-qdceh3dtim7_ho4nsg,살림자매,이게 나왔다고! 신상 할인정보! 9월1주 #코스트코 #코스트코추천템,78551,9,2026-08-31T14:34:02.819135+00:00,2026-09-11T23:10:02.319689+00:00,2026-09-13T05:10:02.819135+00:00,제품정체형,썰쇼핑,17500,2026-09-09 02:35:38
ZTl9B706st8,https://www.youtube.com/watch?v=ZTl9B706st8,uct8wkoq7yyq2mgzqqf8_-hw,쇼핑 치트키,말도 안된다는 다이소 제품,76799,1,2026-09-02T09:46:03.000270+00:00,2026-09-04T23:10:02.346310+00:00,2026-09-16T05:10:03.000270+00:00,제품정체형,썰쇼핑,4700,2026-09-09 07:08:49
YPtd5xKFNrU,https://www.youtube.com/watch?v=YPtd5xKFNrU,ucqrltjou9wttstlwiem2lma,왜 팔릴까,손자다친날 시작된 일본장인의 발명품,75735,26,2026-09-04T10:40:03.000270+00:00,2026-09-04T23:10:02.346310+00:00,2026-09-16T05:10:03.000270+00:00,제품정체형,썰쇼핑,1720,2026-09-09 07:08:49
p3O9Ok6dTFo,https://www.youtube.com/watch?v=p3O9Ok6dTFo,uc5rvoexd7qdesakzghws1mq,드라마짠,영훈이 석진을 사위로 막아선 충격적인 이유 #욕망의덫 #드라마 #드라마추천 #드라마리뷰 #일일드라마 #막장드라마 #가족드라마 #욕망의덫예상,74582,3,2026-08-31T03:28:02.300105+00:00,2026-09-09T23:10:01.358608+00:00,2026-09-13T23:10:02.300105+00:00,기타,썰쇼핑,4340,2026-09-09 07:08:49
xLwPfPH0Tj4,https://www.youtube.com/watch?v=xLwPfPH0Tj4,uc5rvoexd7qdesakzghws1mq,드라마짠,27년 전 주미란·강영훈 사이에 아이가 있었다....그 아이는 누구?#욕망의덫 #드라마 #드라마예측 #막장드라마 #kbs드라마 #일일드라마 #드라마추천,74495,2,2026-09-08T20:58:03.000270+00:00,2026-09-09T23:10:01.358608+00:00,2026-09-16T05:10:03.000270+00:00,기타,썰쇼핑,4340,2026-09-09 07:08:49
31jv-bkkB3c,https://www.youtube.com/watch?v=31jv-bkkB3c,ucjcbuxcvr7fojmnvzw3haua,상자쿤,미국 제조사도 놀란 일본 천재의 발명품ㄷㄷㄷ,73906,14,2026-09-05T09:46:03.000270+00:00,2026-09-08T11:10:24.676804+00:00,2026-09-16T05:10:03.000270+00:00,제품정체형,썰쇼핑,5860,2026-09-09 07:08:49
dD6x2HAGx6Q,https://www.youtube.com/watch?v=dD6x2HAGx6Q,uc5rvoexd7qdesakzghws1mq,드라마짠,27년 만에 드러난 강영훈과 주미란의 충격적인 과거 #욕망의덫 #드라마 #드라마추천 #드라마리뷰 #일일드라마,73659,7,2026-09-02T01:52:03.157352+00:00,2026-09-09T23:10:01.358608+00:00,2026-09-15T23:10:03.157352+00:00,기타,썰쇼핑,4340,2026-09-09 07:08:49
NjdId2KTnDw,https://www.youtube.com/watch?v=NjdId2KTnDw,uco9-zofurha9d1wwatfgzkg,땡스템,이케아 설계자도 몰랐던 미친 꼼수 #이케아테이블 #이케아추천템 #보조테이블 #협탁추천 #홈인테리어,73445,2,2026-09-02T09:52:03.000270+00:00,2026-09-04T23:10:02.346310+00:00,2026-09-16T05:10:03.000270+00:00,제품정체형,썰쇼핑,4210,2026-09-09 07:08:49
a4oNOuzJapo,https://www.youtube.com/watch?v=a4oNOuzJapo,uc-qj4zhvdxc0f-m8quxl-fw,귤템,간식에 진심인 한국 천재 주부 발명품,72934,10,2026-09-06T10:34:03.000270+00:00,2026-09-08T11:10:24.676804+00:00,2026-09-16T05:10:03.000270+00:00,홈템,썰쇼핑,4880,2026-09-09 07:08:49
Vp_4E6x5NW8,https://www.youtube.com/watch?v=Vp_4E6x5NW8,uc8wcwts4chdpce-nzqpm04a,인생갓템,너무 황당한 곳에서 매출 폭등한 제품,72693,9,2026-09-05T23:28:03.000270+00:00,2026-09-06T23:10:01.282766+00:00,2026-09-16T05:10:03.000270+00:00,제품정체형,썰쇼핑,30700,2026-09-09 07:08:49
xjTgO1GanZ8,https://www.youtube.com/watch?v=xjTgO1GanZ8,ucqrltjou9wttstlwiem2lma,왜 팔릴까,캠핑에 미친 미국천재가 만든 제품,72406,17,2026-08-31T09:34:02.569334+00:00,2026-09-04T23:10:02.346310+00:00,2026-09-14T05:10:02.569334+00:00,제품정체형,썰쇼핑,1720,2026-09-09 07:08:49
UKawf_Uxs4g,https://www.youtube.com/watch?v=UKawf_Uxs4g,uclecy6ihcjwmcbjhiz2-ctg,이븐쇼핑,한국 천재가 만들어 떼돈 번 제품의 정체,72031,13,2026-09-03T08:28:03.000270+00:00,2026-09-04T23:10:02.346310+00:00,2026-09-16T05:10:03.000270+00:00,제품정체형,썰쇼핑,28300,2026-09-09 07:08:49
N7n6LabRPAY,https://www.youtube.com/watch?v=N7n6LabRPAY,ucm_du1kofq8nxfvmtm0xx2w,로디홈,이케아 본사도 감탄한 나무상자 아이디어,71395,4,2026-09-03T14:10:03.000270+00:00,2026-09-04T23:10:02.346310+00:00,2026-09-16T05:10:03.000270+00:00,홈템,썰쇼핑,5990,2026-09-09 07:08:49
cVM-QO0Ik8c,https://www.youtube.com/watch?v=cVM-QO0Ik8c,uchf6vudwbonfotjr4oox3qw,생활용품 연구소,살림 천재들의 바구니 활용법,71274,9,2026-08-27T08:58:02.680133+00:00,2026-09-04T23:10:02.346310+00:00,2026-09-10T08:10:02.680133+00:00,홈템,썰쇼핑,20700,2026-08-19 05:56:25
zncAnyBIkp0,https://www.youtube.com/watch?v=zncAnyBIkp0,uci7bltdlfsal3bodxjkalqw,수미네집,10만원 아껴준 천원짜리 다이소템,71106,2,2026-08-31T09:46:02.569334+00:00,2026-09-08T11:10:24.676804+00:00,2026-09-14T05:10:02.569334+00:00,홈템,썰쇼핑,6030,2026-09-09 07:08:49
udT-KYQn1zY,https://www.youtube.com/watch?v=udT-KYQn1zY,ucamzjidsn-e1fi_kpveqt_q,순삭킥,웃음거리에서 히어로 되어버린 남자의 결말 #서핑 #아이언맨 #인공파도 #웃긴영상 #실수,68952,13,2026-09-08T10:28:03.000270+00:00,2026-09-14T23:10:03.036703+00:00,2026-09-16T05:10:03.000270+00:00,기타,썰쇼핑,8870,2026-09-14 07:06:10
iOptdMNN5YE,https://www.youtube.com/watch?v=iOptdMNN5YE,uctd1t12z1qtvalhdd728tsg,우디홈템,다이소 꿀템 하나로 집안 불편함 해결하는 방법,68502,7,2026-09-09T22:58:03.000270+00:00,2026-09-09T23:10:01.358608+00:00,2026-09-16T05:10:03.000270+00:00,홈템,썰쇼핑,3700,2026-09-09 07:08:49
n5TodHGndGA,https://www.youtube.com/watch?v=n5TodHGndGA,ucbyo4sbywz2owv1u309owmq,젤다바라,철 상자 윈드봄,68461,40,2026-09-12T08:58:03.000270+00:00,2026-09-12T23:10:03.131380+00:00,2026-09-16T05:10:03.000270+00:00,기타,썰쇼핑,78800,2026-09-09 07:08:49
PkztO6gn534,https://www.youtube.com/watch?v=PkztO6gn534,uc5rvoexd7qdesakzghws1mq,드라마짠,"모기 한 마리로 시작된 뜻밖의 실수, 결국 사건을 다시 움직이기 시작했다 #욕망의덫 #욕망의덫예상 #드라마 #드라마추천 #드라마리뷰 #막장드라마 #가족드라마",66994,8,2026-09-06T06:58:03.000270+00:00,2026-09-09T23:10:01.358608+00:00,2026-09-16T05:10:03.000270+00:00,기타,썰쇼핑,4340,2026-09-09 07:08:49
6JvhOSXMAnU,https://www.youtube.com/watch?v=6JvhOSXMAnU,uctd1t12z1qtvalhdd728tsg,우디홈템,다이소도 네트망을 이렇게 쓸 줄은 몰랐을 듯,65521,2,2026-08-29T22:58:02.660921+00:00,2026-09-04T23:10:02.346310+00:00,2026-09-12T05:10:02.660921+00:00,제품정체형,썰쇼핑,3700,2026-09-09 07:08:49
RFT8vtWgtPc,https://www.youtube.com/watch?v=RFT8vtWgtPc,ucsbp41obff8fsjgcvxut6ga,또왔소,모두를 속여버린 역대급 반전 킥,65415,1,2026-09-12T06:46:03.000270+00:00,2026-09-12T23:10:03.131380+00:00,2026-09-16T05:10:03.000270+00:00,제품정체형,썰쇼핑,10700,2026-09-09 07:08:49
Tu2a8Lu0Oyw,https://www.youtube.com/watch?v=Tu2a8Lu0Oyw,uc963edydyw3xjtuisucdbww,인생굿즈,또 이상한거 만든 HP?,64723,115,2026-09-12T12:40:03.000270+00:00,2026-09-12T23:10:03.131380+00:00,2026-09-16T05:10:03.000270+00:00,기타,썰쇼핑,15600,2026-09-09 07:08:49
yeOtFkayZf0,https://www.youtube.com/watch?v=yeOtFkayZf0,ucbyo4sbywz2owv1u309owmq,젤다바라,젤다 40주년 기념 다이렉트 방송,64153,50,2026-09-05T07:22:03.000270+00:00,2026-09-08T12:30:44.178691+00:00,2026-09-16T05:10:03.000270+00:00,기타,썰쇼핑,78800,2026-09-09 07:08:49
TolYER06Y84,https://www.youtube.com/watch?v=TolYER06Y84,ucxeyhz8xitvlxhdduxy6zca,리뷰남 ,좁은 책상 하나 때문에 30억 펀딩받은 천재적인 아이디어,63436,32,2026-09-11T04:40:03.000270+00:00,2026-09-11T05:10:02.666924+00:00,2026-09-16T05:10:03.000270+00:00,제품정체형,썰쇼핑,16100,2026-09-09 07:08:49
vmNdCFstH7E,https://www.youtube.com/watch?v=vmNdCFstH7E,ucfaekcmnuys14pviokatqrg,형님여기,한국 천재가 만들어 돈방석 앉은 제품,62382,12,2026-08-30T13:40:02.819135+00:00,2026-09-04T23:10:02.346310+00:00,2026-09-13T05:10:02.819135+00:00,제품정체형,썰쇼핑,11300,2026-09-09 07:08:49
C7luQhALys8,https://www.youtube.com/watch?v=C7luQhALys8,uco9-zofurha9d1wwatfgzkg,땡스템,이케아 디자이너도 놀랐다는 미친 활용법 #이케아꿀템 #주방꿀템 #냄비받침대추천 #주방인테리어 #이케아추천템,60311,1,2026-09-10T09:58:03.000270+00:00,2026-09-11T02:10:02.367900+00:00,2026-09-16T05:10:03.000270+00:00,오용형,썰쇼핑,4210,2026-09-09 07:08:49
ZoE_mdExWvg,https://www.youtube.com/watch?v=ZoE_mdExWvg,uc9cpf1vjxwkndwy1jvvdzvw,쇼핑남자,한 번 써보면 일반 얼음틀 못쓴다는 제품,60035,14,2026-08-30T06:28:02.819135+00:00,2026-09-04T23:10:02.346310+00:00,2026-09-13T05:10:02.819135+00:00,제품정체형,썰쇼핑,6370,2026-09-09 07:08:49
hr6PrLfYSnw,https://www.youtube.com/watch?v=hr6PrLfYSnw,uc-qj4zhvdxc0f-m8quxl-fw,귤템,김밥천국도 울고 갈 한국 천재 발명품,59669,24,2026-09-12T10:58:03.000270+00:00,2026-09-12T23:10:03.131380+00:00,2026-09-16T05:10:03.000270+00:00,제품정체형,썰쇼핑,4880,2026-09-09 07:08:49
htA7zfI2SgQ,https://www.youtube.com/watch?v=htA7zfI2SgQ,ucl12scb2y7j-kx0_ghaf-xq,썰풀다,절대 강아지 텀블러 사지 마세요! 생수병에 이거 하나면 끝!#강아지산책용품 #반려견꿀템 #강아지물병 #실리콘보틀캡,59072,1,2026-09-05T22:52:03.000270+00:00,2026-09-05T23:10:01.374377+00:00,2026-09-16T05:10:03.000270+00:00,홈템,썰쇼핑,0,2026-08-19 05:56:25
OBUhGCtI6Nc,https://www.youtube.com/watch?v=OBUhGCtI6Nc,ucbyo4sbywz2owv1u309owmq,젤다바라,키마의 은밀한 취미,59052,18,2026-08-26T10:46:02.542305+00:00,2026-09-08T12:30:44.178691+00:00,2026-09-09T05:10:02.542305+00:00,기타,썰쇼핑,78800,2026-09-09 07:08:49
1NYLBZqMyME,https://www.youtube.com/watch?v=1NYLBZqMyME,uchf6vudwbonfotjr4oox3qw,생활용품 연구소,다이소도 놀란 바구니 활용법,57800,7,2026-09-13T02:28:03.000270+00:00,2026-09-13T05:10:02.819135+00:00,2026-09-16T05:10:03.000270+00:00,오용형,썰쇼핑,20700,2026-08-19 05:56:25
VD2aBcznQHM,https://www.youtube.com/watch?v=VD2aBcznQHM,uc9cpf1vjxwkndwy1jvvdzvw,쇼핑남자,한 번 써보면 선크림 안바르게된다는 이것,57778,7,2026-08-23T01:04:01.374377+00:00,2026-09-04T23:10:02.346310+00:00,2026-09-05T23:10:01.374377+00:00,제품정체형,썰쇼핑,6370,2026-09-09 07:08:49
baHhAH2goQA,https://www.youtube.com/watch?v=baHhAH2goQA,ucjbxdaaibb0uk1zdepjja6w,쇼핑천재,날밤새던 육아맘 구원한 육아천재의 발명품,57229,6,2026-09-12T01:52:03.000270+00:00,2026-09-12T05:10:02.660921+00:00,2026-09-16T05:10:03.000270+00:00,제품정체형,썰쇼핑,40600,2026-09-09 07:08:49
B4rHkreThaE,https://www.youtube.com/watch?v=B4rHkreThaE,uc5rvoexd7qdesakzghws1mq,드라마짠,"석진과 해라 결혼 반대하는 영훈, 끔찍한 이유가 있었다 #욕망의덫 #드라마 #드라마추천 #드라마예고 #가족드라마 #일일드라마",57065,6,2026-08-31T12:22:02.569334+00:00,2026-09-09T23:10:01.358608+00:00,2026-09-14T05:10:02.569334+00:00,기타,썰쇼핑,4340,2026-09-09 07:08:49
lskwnvQLvfs,https://www.youtube.com/watch?v=lskwnvQLvfs,uclecy6ihcjwmcbjhiz2-ctg,이븐쇼핑,상상도 못한 기능으로 떼돈번 천재의 발명품,56564,21,2026-09-13T01:58:03.000270+00:00,2026-09-13T05:10:02.819135+00:00,2026-09-16T05:10:03.000270+00:00,제품정체형,썰쇼핑,28300,2026-09-09 07:08:49
nzc0sTl3fuo,https://www.youtube.com/watch?v=nzc0sTl3fuo,uc5vyr2cff4364oi5l6cwrja,숏핑,LG도 예상 못한 천재 주부 활용법,56329,3,2026-09-11T08:46:03.000270+00:00,2026-09-11T23:10:02.319689+00:00,2026-09-16T05:10:03.000270+00:00,오용형,썰쇼핑,39900,2026-09-09 07:08:49
KuIR9qBRPQQ,https://www.youtube.com/watch?v=KuIR9qBRPQQ,ucvq26myeojatrmce0pm0qsq,먹킷리스트,99%가 에어프라이어 종이호일을 반대로 깔고 있었습니다. 심지어 살림 고수 1%만 제대로 알고 있다는 생활꿀팁!,56109,24,2026-09-12T09:58:03.000270+00:00,2026-09-12T23:10:03.131380+00:00,2026-09-16T05:10:03.000270+00:00,홈템,썰쇼핑,89600,2026-09-09 07:08:49
KGSD1TR6AA4,https://www.youtube.com/watch?v=KGSD1TR6AA4,uc8wcwts4chdpce-nzqpm04a,인생갓템,반전기능으로 일본 초토화시킨 제품,55453,5,2026-09-13T04:40:03.000270+00:00,2026-09-13T05:10:02.819135+00:00,2026-09-16T05:10:03.000270+00:00,제품정체형,썰쇼핑,30700,2026-09-09 07:08:49
TWFP-UKXCUU,https://www.youtube.com/watch?v=TWFP-UKXCUU,uc4iyryt1y1d5_cdjaocsk6q,설렘픽,"다이소 직원도 놀란 활용법, 접착식 후크 하나로 집안 전체를…",55432,1,2026-08-29T04:04:02.319689+00:00,2026-09-04T23:10:02.346310+00:00,2026-09-11T23:10:02.319689+00:00,오용형,썰쇼핑,2580,2026-09-09 07:08:49
